{"type":"FeatureCollection","metadata":{"generated":1788430092000,"url":"https://earthquake.usgs.gov/fdsnws/event/1/query?format=geojson&starttime=2019-07-04T00%3A00%3A00&endtime=2019-08-03T00%3A00%3A00&minmagnitude=3.5&minlongitude=-122&maxlongitude=-114&minlatitude=32&maxlatitude=37.5&orderby=time-asc","title":"USGS Earthquakes","status":200,"api":"2.7.0","count":401},"features":[{"type":"Feature","properties":{"mag":3.98,"place":"11km SW of Searles Valley, CA","time":1562259775340,"updated":1723028478913,"tz":null,"url":"https://earthquake.usgs.gov/earthquakes/eventpage/ci38443095","detail":"https://earthquake.usgs.gov/fdsnws/event/1/query?eventid=ci38443095&format=geojson","felt":405,"cdi":4.3,"mmi":5.67,"alert":"green","status":"reviewed","tsunami":0,"sig":418,"net":"ci","code":"38443095","ids":",ci38443095,us700049zc,","sources":",ci,us,","types":",dyfi,losspager,moment-tensor,nearby-cities,origin,phase-data,scitech-link,shakemap,","nst":82,"dmin":0.126,"rms":0.16,"gap":23,"magType":"mw","type":"earthquake","title":"M 4.0 - 11km SW of Searles Valley, CA"},"geometry":{"type":"Point","coordinates":[-117.5036667,35.7081667,10.6]},"id":"ci38443095"},
{"type":"Feature","properties":{"mag":6.4,"place":"Ridgecrest Earthquake Sequence","time":1562261629000,"updated":1766427283508,"tz":null,"url":"https://earthquake.usgs.gov/earthquakes/eventpage/ci38443183","detail":"https://earthquake.usgs.gov/fdsnws/event/1/query?eventid=ci38443183&format=geojson","felt":27543,"cdi":7.9,"mmi":8.377,"alert":"yellow","status":"reviewed","tsunami":1,"sig":1440,"net":"ci","code":"38443183","ids":",us70004a0g,ci38443183,at00pu4osc,pt19185001,iscgem616217956,nn00689167,","sources":",us,ci,at,pt,iscgem,nn,","types":",dyfi,focal-mechanism,general-link,general-text,ground-failure,impact-link,impact-text,losspager,moment-tensor,nearby-cities,origin,phase-data,scitech-link,shakemap,","nst":62,"dmin":0.1233,"rms":0.16,"gap":47,"magType":"mw","type":"earthquake","title":"M 6.4 - Ridgecrest Earthquake Sequence"},"geometry":{"type":"Point","coordinates":[-117.5038333,35.7053333,10.5]},"id":"ci38443183"},
{"type":"Feature","properties":{"mag":4.49,"place":"10km ENE of Ridgecrest, CA","time":1562261701660,"updated":1655598451177,"tz":null,"url":"https://earthquake.usgs.gov/earthquakes/eventpage/ci38443191","detail":"https://earthquake.usgs.gov/fdsnws/event/1/query?eventid=ci38443191&format=geojson","felt":29,"cdi":5,"mmi":5.95,"alert":"green","status":"reviewed","tsunami":0,"sig":325,"net":"ci","code":"38443191","ids":",us70004a0j,ci38443191,","sources":",us,ci,","types":",dyfi,ground-failure,losspager,nearby-cities,origin,phase-data,scitech-link,shakemap,","nst":41,"dmin":0.103,"rms":0.15,"gap":74,"magType":"mlr","type":"earthquake","title":"M 4.5 - 10km ENE of Ridgecrest, CA"},"geometry":{"type":"Point","coordinates":[-117.5671667,35.644,4.64]},"id":"ci38443191"},
{"type":"Feature","properties":{"mag":3.93,"place":"11km SW of Searles Valley, CA","time":1562261717430,"updated":1581643089526,"tz":null,"url":"https://earthquake.usgs.gov/earthquakes/eventpage/ci37255940","detail":"https://earthquake.usgs.gov/fdsnws/event/1/query?eventid=ci37255940&format=geojson","felt":null,"cdi":null,"mmi":4.23,"alert":null,"status":"reviewed","tsunami":0,"sig":238,"net":"ci","code":"37255940","ids":",ci37255940,","sources":",ci,","types":",nearby-cities,origin,phase-data,shakemap,","nst":17,"dmin":0.1024,"rms":0.15,"gap":175,"magType":"mlr","type":"earthquake","title":"M 3.9 - 11km SW of Searles Valley, CA"},"geometry":{"type":"Point","coordinates":[-117.474,35.6886667,6.48]},"id":"ci37255940"},
{"type":"Feature","properties":{"mag":3.63,"place":"9km SSW of Searles Valley, CA","time":1562261746340,"updated":1580758842355,"tz":null,"url":"https://earthquake.usgs.gov/earthquakes/eventpage/ci37222356","detail":"https://earthquake.usgs.gov/fdsnws/event/1/query?eventid=ci37222356&format=geojson","felt":null,"cdi":null,"mmi":3.741,"alert":null,"status":"reviewed","tsunami":0,"sig":203,"net":"ci","code":"37222356","ids":",ci37222356,","sources":",ci,","types":",nearby-cities,origin,phase-data,shakemap,","nst":15,"dmin":0.1786,"rms":0.14,"gap":212,"magType":"ml","type":"earthquake","title":"M 3.6 - 9km SSW of Searles Valley, CA"},"geometry":{"type":"Point","coordinates":[-117.437,35.6936667,7.65]},"id":"ci37222356"},
{"type":"Feature","properties":{"mag":4.28,"place":"13km SW of Searles Valley, CA","time":1562261752170,"updated":1569508200040,"tz":null,"url":"https://earthquake.usgs.gov/earthquakes/eventpage/ci37218988","detail":"https://earthquake.usgs.gov/fdsnws/event/1/query?eventid=ci37218988&format=geojson","felt":null,"cdi":null,"mmi":5.415,"alert":null,"status":"reviewed","tsunami":0,"sig":282,"net":"ci","code":"37218988","ids":",ci37218988,us60005650,","sources":",ci,us,","types":",nearby-cities,origin,phase-data,scitech-link,shakemap,","nst":28,"dmin":0.1065,"rms":0.15,"gap":82,"magType":"mlr","type":"earthquake","title":"M 4.3 - 13km SW of Searles Valley, CA"},"geometry":{"type":"Point","coordinates":[-117.5061667,35.687,1.6]},"id":"ci37218988"},
{"type":"Feature","properties":{"mag":3.94,"place":"16km NE of Ridgecrest, CA","time":1562261764360,"updated":1581710567885,"tz":null,"url":"https://earthquake.usgs.gov/earthquakes/eventpage/ci37255980","detail":"https://earthquake.usgs.gov/fdsnws/event/1/query?eventid=ci37255980&format=geojson","felt":null,"cdi":null,"mmi":4.278,"alert":null,"status":"reviewed","tsunami":0,"sig":239,"net":"ci","code":"37255980","ids":",ci37255980,","sources":",ci,","types":",nearby-cities,origin,phase-data,shakemap,","nst":15,"dmin":0.08358,"rms":0.19,"gap":100,"magType":"mlr","type":"earthquake","title":"M 3.9 - 16km NE of Ridgecrest, CA"},"geometry":{"type":"Point","coordinates":[-117.5741667,35.7341667,6.41]},"id":"ci37255980"},
{"type":"Feature","properties":{"mag":3.66,"place":"9km SW of Searles Valley, CA","time":1562261821140,"updated":1569508201040,"tz":null,"url":"https://earthquake.usgs.gov/earthquakes/eventpage/ci37222372","detail":"https://earthquake.usgs.gov/fdsnws/event/1/query?eventid=ci37222372&format=geojson","felt":null,"cdi":null,"mmi":4.338,"alert":null,"status":"reviewed","tsunami":0,"sig":206,"net":"ci","code":"37222372","ids":",ci37222372,us60005669,","sources":",ci,us,","types":",nearby-cities,origin,phase-data,shakemap,","nst":22,"dmin":0.1243,"rms":0.12,"gap":85,"magType":"mlr","type":"earthquake","title":"M 3.7 - 9km SW of Searles Valley, CA"},"geometry":{"type":"Point","coordinates":[-117.4773333,35.7105,1.57]},"id":"ci37222372"},
{"type":"Feature","properties":{"mag":3.97,"place":"15km SW of Searles Valley, CA","time":1562261834850,"updated":1569508200040,"tz":null,"url":"https://earthquake.usgs.gov/earthquakes/eventpage/ci37222364","detail":"https://earthquake.usgs.gov/fdsnws/event/1/query?eventid=ci37222364&format=geojson","felt":null,"cdi":null,"mmi":4.898,"alert":null,"status":"reviewed","tsunami":0,"sig":242,"net":"ci","code":"37222364","ids":",ci37222364,us6000565l,","sources":",ci,us,","types":",nearby-cities,origin,phase-data,shakemap,","nst":22,"dmin":0.09019,"rms":0.16,"gap":65,"magType":"mlr","type":"earthquake","title":"M 4.0 - 15km SW of Searles Valley, CA"},"geometry":{"type":"Point","coordinates":[-117.516,35.6655,1.64]},"id":"ci37222364"},
{"type":"Feature","properties":{"mag":4.01,"place":"11km SSW of Searles Valley, CA","time":1562261845640,"updated":1590022345314,"tz":null,"url":"https://earthquake.usgs.gov/earthquakes/eventpage/ci37218996","detail":"https://earthquake.usgs.gov/fdsnws/event/1/query?eventid=ci37218996&format=geojson","felt":2,"cdi":3.8,"mmi":3.827,"alert":null,"status":"reviewed","tsunami":0,"sig":248,"net":"ci","code":"37218996","ids":",us70004a83,ci37218996,","sources":",us,ci,","types":",dyfi,nearby-cities,origin,phase-data,scitech-link,shakemap,","nst":27,"dmin":0.08922,"rms":0.22,"gap":66,"magType":"mlr","type":"earthquake","title":"M 4.0 - 11km SSW of Searles Valley, CA"},"geometry":{"type":"Point","coordinates":[-117.4575,35.6758333,15.82]},"id":"ci37218996"},
{"type":"Feature","properties":{"mag":3.86,"place":"14km W of Searles Valley, CA","time":1562261875500,"updated":1569508209040,"tz":null,"url":"https://earthquake.usgs.gov/earthquakes/eventpage/ci38443199","detail":"https://earthquake.usgs.gov/fdsnws/event/1/query?eventid=ci38443199&format=geojson","felt":29,"cdi":4.1,"mmi":5.63,"alert":"green","status":"reviewed","tsunami":0,"sig":241,"net":"ci","code":"38443199","ids":",ci38443199,us70004a0m,","sources":",ci,us,","types":",dyfi,focal-mechanism,losspager,nearby-cities,origin,phase-data,scitech-link,shakemap,","nst":30,"dmin":0.07924,"rms":0.13,"gap":69,"magType":"mlr","type":"earthquake","title":"M 3.9 - 14km W of Searles Valley, CA"},"geometry":{"type":"Point","coordinates":[-117.5516667,35.7456667,8.29]},"id":"ci38443199"},
{"type":"Feature","properties":{"mag":3.73,"place":"9km SW of Searles Valley, CA","time":1562261901450,"updated":1569508201040,"tz":null,"url":"https://earthquake.usgs.gov/earthquakes/eventpage/ci37421941","detail":"https://earthquake.usgs.gov/fdsnws/event/1/query?eventid=ci37421941&format=geojson","felt":null,"cdi":null,"mmi":4.301,"alert":null,"status":"reviewed","tsunami":0,"sig":214,"net":"ci","code":"37421941","ids":",ci37421941,us6000567v,","sources":",ci,us,","types":",nearby-cities,origin,phase-data,shakemap,","nst":22,"dmin":0.1277,"rms":0.16,"gap":88,"magType":"mlr","type":"earthquake","title":"M 3.7 - 9km SW of Searles Valley, CA"},"geometry":{"type":"Point","coordinates":[-117.476,35.714,1.74]},"id":"ci37421941"},
{"type":"Feature","properties":{"mag":3.5,"place":"8 km E of Ridgecrest, California","time":1562261927500,"updated":1569508209040,"tz":null,"url":"https://earthquake.usgs.gov/earthquakes/eventpage/us70004a0n","detail":"https://earthquake.usgs.gov/fdsnws/event/1/query?eventid=us70004a0n&format=geojson","felt":35,"cdi":4.1,"mmi":3.413,"alert":null,"status":"reviewed","tsunami":0,"sig":203,"net":"us","code":"70004a0n","ids":",us70004a0n,","sources":",us,","types":",dyfi,origin,phase-data,shakemap,","nst":null,"dmin":null,"rms":0.62,"gap":null,"magType":"ml","type":"earthquake","title":"M 3.5 - 8 km E of Ridgecrest, California"},"geometry":{"type":"Point","coordinates":[-117.5782,35.6215,9.7]},"id":"us70004a0n"},
{"type":"Feature","properties":{"mag":3.5,"place":"7km E of Ridgecrest, CA","time":1562261927760,"updated":1613762194113,"tz":null,"url":"https://earthquake.usgs.gov/earthquakes/eventpage/ci37222396","detail":"https://earthquake.usgs.gov/fdsnws/event/1/query?eventid=ci37222396&format=geojson","felt":null,"cdi":null,"mmi":3.575,"alert":null,"status":"reviewed","tsunami":0,"sig":188,"net":"ci","code":"37222396","ids":",ci37222396,ci38443207,","sources":",ci,ci,","types":",disassociate,nearby-cities,origin,phase-data,shakemap,","nst":23,"dmin":0.1151,"rms":0.14,"gap":97,"magType":"ml","type":"earthquake","title":"M 3.5 - 7km E of Ridgecrest, CA"},"geometry":{"type":"Point","coordinates":[-117.596,35.6235,8.55]},"id":"ci37222396"},
{"type":"Feature","properties":{"mag":3.69,"place":"12km SW of Searles Valley, CA","time":1562261975360,"updated":1655598483186,"tz":null,"url":"https://earthquake.usgs.gov/earthquakes/eventpage/ci38443215","detail":"https://earthquake.usgs.gov/fdsnws/event/1/query?eventid=ci38443215&format=geojson","felt":39,"cdi":4,"mmi":3.675,"alert":null,"status":"reviewed","tsunami":0,"sig":225,"net":"ci","code":"38443215","ids":",us70004a0p,ci38443215,","sources":",us,ci,","types":",dyfi,nearby-cities,origin,phase-data,scitech-link,shakemap,","nst":34,"dmin":0.1041,"rms":0.16,"gap":63,"magType":"mlr","type":"earthquake","title":"M 3.7 - 12km SW of Searles Valley, CA"},"geometry":{"type":"Point","coordinates":[-117.4931667,35.6876667,10.96]},"id":"ci38443215"},
{"type":"Feature","properties":{"mag":3.8,"place":"15km NE of Ridgecrest, CA","time":1562262002250,"updated":1569508209040,"tz":null,"url":"https://earthquake.usgs.gov/earthquakes/eventpage/ci38443223","detail":"https://earthquake.usgs.gov/fdsnws/event/1/query?eventid=ci38443223&format=geojson","felt":29,"cdi":4.3,"mmi":6.25,"alert":"green","status":"reviewed","tsunami":0,"sig":235,"net":"ci","code":"38443223","ids":",ci38443223,us70004a0q,","sources":",ci,us,","types":",dyfi,losspager,nearby-cities,origin,phase-data,scitech-link,shakemap,","nst":34,"dmin":0.09278,"rms":0.16,"gap":56,"magType":"mlr","type":"earthquake","title":"M 3.8 - 15km NE of Ridgecrest, CA"},"geometry":{"type":"Point","coordinates":[-117.5708333,35.7253333,6.63]},"id":"ci38443223"},
{"type":"Feature","properties":{"mag":4.13,"place":"12km SW of Searles Valley, CA","time":1562262018520,"updated":1590022998515,"tz":null,"url":"https://earthquake.usgs.gov/earthquakes/eventpage/ci38443231","detail":"https://earthquake.usgs.gov/fdsnws/event/1/query?eventid=ci38443231&format=geojson","felt":189,"cdi":4.6,"mmi":5.81,"alert":"green","status":"reviewed","tsunami":0,"sig":349,"net":"ci","code":"38443231","ids":",us70004a0r,ci38443231,","sources":",us,ci,","types":",dyfi,losspager,nearby-cities,origin,phase-data,scitech-link,shakemap,","nst":37,"dmin":0.1264,"rms":0.16,"gap":61,"magType":"mlr","type":"earthquake","title":"M 4.1 - 12km SW of Searles Valley, CA"},"geometry":{"type":"Point","coordinates":[-117.5101667,35.707,8.66]},"id":"ci38443231"},
{"type":"Feature","properties":{"mag":3.54,"place":"12km SW of Searles Valley, CA","time":1562262034900,"updated":1566236251677,"tz":null,"url":"https://earthquake.usgs.gov/earthquakes/eventpage/ci37222508","detail":"https://earthquake.usgs.gov/fdsnws/event/1/query?eventid=ci37222508&format=geojson","felt":null,"cdi":null,"mmi":4.18,"alert":null,"status":"reviewed","tsunami":0,"sig":193,"net":"ci","code":"37222508","ids":",ci37222508,","sources":",ci,","types":",nearby-cities,origin,phase-data,shakemap,","nst":12,"dmin":0.1128,"rms":0.1,"gap":144,"magType":"ml","type":"earthquake","title":"M 3.5 - 12km SW of Searles Valley, CA"},"geometry":{"type":"Point","coordinates":[-117.5018333,35.6948333,2.04]},"id":"ci37222508"},
{"type":"Feature","properties":{"mag":3.6,"place":"12 km ENE of Ridgecrest, California","time":1562262209200,"updated":1655601326670,"tz":null,"url":"https://earthquake.usgs.gov/earthquakes/eventpage/us70004a0z","detail":"https://earthquake.usgs.gov/fdsnws/event/1/query?eventid=us70004a0z&format=geojson","felt":9,"cdi":3.8,"mmi":4.509,"alert":null,"status":"reviewed","tsunami":0,"sig":203,"net":"us","code":"70004a0z","ids":",ci38443247,us70004a0z,","sources":",ci,us,","types":",dyfi,focal-mechanism,nearby-cities,origin,phase-data,scitech-link,shakemap,","nst":null,"dmin":0.115,"rms":0.59,"gap":68,"magType":"ml","type":"earthquake","title":"M 3.6 - 12 km ENE of Ridgecrest, California"},"geometry":{"type":"Point","coordinates":[-117.5488,35.6783,5.15]},"id":"us70004a0z"},
{"type":"Feature","properties":{"mag":3.86,"place":"13km SW of Searles Valley, CA","time":1562262272820,"updated":1569508209040,"tz":null,"url":"https://earthquake.usgs.gov/earthquakes/eventpage/ci38443255","detail":"https://earthquake.usgs.gov/fdsnws/event/1/query?eventid=ci38443255&format=geojson","felt":4,"cdi":4.3,"mmi":5.32,"alert":null,"status":"reviewed","tsunami":0,"sig":231,"net":"ci","code":"38443255","ids":",us70004a10,ci38443255,","sources":",us,ci,","types":",dyfi,focal-mechanism,nearby-cities,origin,phase-data,scitech-link,shakemap,","nst":65,"dmin":0.1072,"rms":0.2,"gap":23,"magType":"mlr","type":"earthquake","title":"M 3.9 - 13km SW of Searles Valley, CA"},"geometry":{"type":"Point","coordinates":[-117.5071667,35.6875,1.54]},"id":"ci38443255"},
{"type":"Feature","properties":{"mag":3.5,"place":"13km W of Searles Valley, CA","time":1562262437810,"updated":1655401341084,"tz":null,"url":"https://earthquake.usgs.gov/earthquakes/eventpage/ci38443279","detail":"https://earthquake.usgs.gov/fdsnws/event/1/query?eventid=ci38443279&format=geojson","felt":1,"cdi":3.1,"mmi":5.44,"alert":null,"status":"reviewed","tsunami":0,"sig":189,"net":"ci","code":"38443279","ids":",us70004a15,ci38443279,nn00689186,","sources":",us,ci,nn,","types":",dyfi,focal-mechanism,nearby-cities,origin,phase-data,scitech-link,shakemap,","nst":48,"dmin":0.08144,"rms":0.15,"gap":45,"magType":"mlr","type":"earthquake","title":"M 3.5 - 13km W of Searles Valley, CA"},"geometry":{"type":"Point","coordinates":[-117.5465,35.7455,7.11]},"id":"ci38443279"},
{"type":"Feature","properties":{"mag":3.53,"place":"13km SW of Searles Valley, CA","time":1562263283180,"updated":1655598392632,"tz":null,"url":"https://earthquake.usgs.gov/earthquakes/eventpage/ci37422005","detail":"https://earthquake.usgs.gov/fdsnws/event/1/query?eventid=ci37422005&format=geojson","felt":30,"cdi":4.1,"mmi":3.512,"alert":null,"status":"reviewed","tsunami":0,"sig":204,"net":"ci","code":"37422005","ids":",us70004a1k,ci37422005,","sources":",us,ci,","types":",dyfi,focal-mechanism,nearby-cities,origin,phase-data,shakemap,","nst":37,"dmin":0.1078,"rms":0.16,"gap":62,"magType":"mlr","type":"earthquake","title":"M 3.5 - 13km SW of Searles Valley, CA"},"geometry":{"type":"Point","coordinates":[-117.5085,35.6876667,1.26]},"id":"ci37422005"},
{"type":"Feature","properties":{"mag":3.79,"place":"14km ENE of Ridgecrest, CA","time":1562263576110,"updated":1569508210040,"tz":null,"url":"https://earthquake.usgs.gov/earthquakes/eventpage/ci38443383","detail":"https://earthquake.usgs.gov/fdsnws/event/1/query?eventid=ci38443383&format=geojson","felt":0,"cdi":1,"mmi":5.87,"alert":null,"status":"reviewed","tsunami":0,"sig":221,"net":"ci","code":"38443383","ids":",us70004a1r,ci38443383,","sources":",us,ci,","types":",dyfi,focal-mechanism,nearby-cities,origin,phase-data,scitech-link,shakemap,","nst":47,"dmin":0.08905,"rms":0.16,"gap":61,"magType":"mlr","type":"earthquake","title":"M 3.8 - 14km ENE of Ridgecrest, CA"},"geometry":{"type":"Point","coordinates":[-117.523,35.6606667,2.14]},"id":"ci38443383"},
{"type":"Feature","properties":{"mag":3.51,"place":"6km ESE of Ridgecrest, CA","time":1562263629270,"updated":1655401362698,"tz":null,"url":"https://earthquake.usgs.gov/earthquakes/eventpage/ci38443391","detail":"https://earthquake.usgs.gov/fdsnws/event/1/query?eventid=ci38443391&format=geojson","felt":2,"cdi":3.8,"mmi":3.864,"alert":null,"status":"reviewed","tsunami":0,"sig":190,"net":"ci","code":"38443391","ids":",us70004a1t,ci38443391,","sources":",us,ci,","types":",dyfi,focal-mechanism,nearby-cities,origin,phase-data,scitech-link,shakemap,","nst":42,"dmin":0.1213,"rms":0.18,"gap":37,"magType":"mlr","type":"earthquake","title":"M 3.5 - 6km ESE of Ridgecrest, CA"},"geometry":{"type":"Point","coordinates":[-117.6101667,35.5991667,2.12]},"id":"ci38443391"},
{"type":"Feature","properties":{"mag":3.55,"place":"9km SW of Searles Valley, CA","time":1562263725070,"updated":1569508274040,"tz":null,"url":"https://earthquake.usgs.gov/earthquakes/eventpage/ci37223308","detail":"https://earthquake.usgs.gov/fdsnws/event/1/query?eventid=ci37223308&format=geojson","felt":null,"cdi":null,"mmi":4.134,"alert":null,"status":"reviewed","tsunami":0,"sig":194,"net":"ci","code":"37223308","ids":",ci37223308,us7000575i,","sources":",ci,us,","types":",nearby-cities,origin,phase-data,shakemap,","nst":29,"dmin":0.1246,"rms":0.16,"gap":108,"magType":"ml","type":"earthquake","title":"M 3.6 - 9km SW of Searles Valley, CA"},"geometry":{"type":"Point","coordinates":[-117.4768333,35.7108333,1.17]},"id":"ci37223308"},
{"type":"Feature","properties":{"mag":3.5,"place":"10km SW of Searles Valley, CA","time":1562264031400,"updated":1569508262040,"tz":null,"url":"https://earthquake.usgs.gov/earthquakes/eventpage/ci38443439","detail":"https://earthquake.usgs.gov/fdsnws/event/1/query?eventid=ci38443439&format=geojson","felt":4,"cdi":4.1,"mmi":3.723,"alert":null,"status":"reviewed","tsunami":0,"sig":190,"net":"ci","code":"38443439","ids":",ci38443439,us70004fu3,","sources":",ci,us,","types":",dyfi,nearby-cities,origin,phase-data,scitech-link,shakemap,","nst":27,"dmin":0.1228,"rms":0.16,"gap":63,"magType":"ml","type":"earthquake","title":"M 3.5 - 10km SW of Searles Valley, CA"},"geometry":{"type":"Point","coordinates":[-117.485,35.7081667,6.44]},"id":"ci38443439"},
{"type":"Feature","properties":{"mag":4.23,"place":"14km W of Searles Valley, CA","time":1562264879440,"updated":1569508210040,"tz":null,"url":"https://earthquake.usgs.gov/earthquakes/eventpage/ci38443535","detail":"https://earthquake.usgs.gov/fdsnws/event/1/query?eventid=ci38443535&format=geojson","felt":5,"cdi":3.4,"mmi":5.86,"alert":"green","status":"reviewed","tsunami":0,"sig":277,"net":"ci","code":"38443535","ids":",ci38443535,us70004a2w,","sources":",ci,us,","types":",dyfi,focal-mechanism,losspager,nearby-cities,origin,phase-data,scitech-link,shakemap,","nst":57,"dmin":0.07964,"rms":0.15,"gap":44,"magType":"mlr","type":"earthquake","title":"M 4.2 - 14km W of Searles Valley, CA"},"geometry":{"type":"Point","coordinates":[-117.5521667,35.745,6.64]},"id":"ci38443535"},
{"type":"Feature","properties":{"mag":3.75,"place":"11km ENE of Ridgecrest, CA","time":1562264923640,"updated":1655401379588,"tz":null,"url":"https://earthquake.usgs.gov/earthquakes/eventpage/ci38443543","detail":"https://earthquake.usgs.gov/fdsnws/event/1/query?eventid=ci38443543&format=geojson","felt":7,"cdi":3.4,"mmi":5.51,"alert":null,"status":"reviewed","tsunami":0,"sig":219,"net":"ci","code":"38443543","ids":",us70004a2z,ci38443543,","sources":",us,ci,","types":",dyfi,focal-mechanism,nearby-cities,origin,phase-data,scitech-link,shakemap,","nst":45,"dmin":0.1159,"rms":0.13,"gap":43,"magType":"mlr","type":"earthquake","title":"M 3.8 - 11km ENE of Ridgecrest, CA"},"geometry":{"type":"Point","coordinates":[-117.5656667,35.6661667,7.14]},"id":"ci38443543"},
{"type":"Feature","properties":{"mag":4.59,"place":"7km ESE of Ridgecrest, CA","time":1562265584440,"updated":1590023063535,"tz":null,"url":"https://earthquake.usgs.gov/earthquakes/eventpage/ci38443607","detail":"https://earthquake.usgs.gov/fdsnws/event/1/query?eventid=ci38443607&format=geojson","felt":603,"cdi":5.6,"mmi":5.66,"alert":"green","status":"reviewed","tsunami":0,"sig":662,"net":"ci","code":"38443607","ids":",us70004a3d,ci38443607,","sources":",us,ci,","types":",dyfi,focal-mechanism,losspager,nearby-cities,origin,phase-data,scitech-link,shakemap,","nst":48,"dmin":0.1109,"rms":0.14,"gap":39,"magType":"mw","type":"earthquake","title":"M 4.6 - 7km ESE of Ridgecrest, CA"},"geometry":{"type":"Point","coordinates":[-117.597,35.6013333,2.81]},"id":"ci38443607"},
{"type":"Feature","properties":{"mag":4.34,"place":"13km SW of Searles Valley, CA","time":1562266026590,"updated":1569508211040,"tz":null,"url":"https://earthquake.usgs.gov/earthquakes/eventpage/ci38443647","detail":"https://earthquake.usgs.gov/fdsnws/event/1/query?eventid=ci38443647&format=geojson","felt":59,"cdi":6.6,"mmi":6,"alert":"green","status":"reviewed","tsunami":0,"sig":329,"net":"ci","code":"38443647","ids":",ci38443647,us70004a3t,","sources":",ci,us,","types":",dyfi,focal-mechanism,losspager,nearby-cities,origin,phase-data,scitech-link,shakemap,","nst":65,"dmin":0.09111,"rms":0.16,"gap":47,"magType":"mw","type":"earthquake","title":"M 4.3 - 13km SW of Searles Valley, CA"},"geometry":{"type":"Point","coordinates":[-117.4853333,35.6758333,8.53]},"id":"ci38443647"},
{"type":"Feature","properties":{"mag":4.02,"place":"12km SSW of Searles Valley, CA","time":1562266042600,"updated":1567025791600,"tz":null,"url":"https://earthquake.usgs.gov/earthquakes/eventpage/ci37421213","detail":"https://earthquake.usgs.gov/fdsnws/event/1/query?eventid=ci37421213&format=geojson","felt":null,"cdi":null,"mmi":4.092,"alert":null,"status":"reviewed","tsunami":0,"sig":249,"net":"ci","code":"37421213","ids":",ci37421213,","sources":",ci,","types":",nearby-cities,origin,phase-data,shakemap,","nst":22,"dmin":0.08916,"rms":0.17,"gap":169,"magType":"mlr","type":"earthquake","title":"M 4.0 - 12km SSW of Searles Valley, CA"},"geometry":{"type":"Point","coordinates":[-117.472,35.6755,10.27]},"id":"ci37421213"},
{"type":"Feature","properties":{"mag":3.7,"place":"13km SW of Searles Valley, CA","time":1562266215910,"updated":1569508211040,"tz":null,"url":"https://earthquake.usgs.gov/earthquakes/eventpage/ci38443671","detail":"https://earthquake.usgs.gov/fdsnws/event/1/query?eventid=ci38443671&format=geojson","felt":3,"cdi":2.7,"mmi":5.2,"alert":null,"status":"reviewed","tsunami":0,"sig":211,"net":"ci","code":"38443671","ids":",ci38443671,us70004a3v,","sources":",ci,us,","types":",dyfi,focal-mechanism,nearby-cities,origin,phase-data,scitech-link,shakemap,","nst":45,"dmin":0.09923,"rms":0.19,"gap":54,"magType":"mlr","type":"earthquake","title":"M 3.7 - 13km SW of Searles Valley, CA"},"geometry":{"type":"Point","coordinates":[-117.4961667,35.682,1.26]},"id":"ci38443671"},
{"type":"Feature","properties":{"mag":4.07,"place":"7km ESE of Ridgecrest, CA","time":1562266453990,"updated":1590023112109,"tz":null,"url":"https://earthquake.usgs.gov/earthquakes/eventpage/ci38443703","detail":"https://earthquake.usgs.gov/fdsnws/event/1/query?eventid=ci38443703&format=geojson","felt":76,"cdi":4.9,"mmi":5.54,"alert":"green","status":"reviewed","tsunami":0,"sig":292,"net":"ci","code":"38443703","ids":",us70004a41,ci38443703,","sources":",us,ci,","types":",dyfi,focal-mechanism,losspager,nearby-cities,origin,phase-data,scitech-link,shakemap,","nst":58,"dmin":0.1126,"rms":0.13,"gap":30,"magType":"mlr","type":"earthquake","title":"M 4.1 - 7km ESE of Ridgecrest, CA"},"geometry":{"type":"Point","coordinates":[-117.5996667,35.5975,5.33]},"id":"ci38443703"},
{"type":"Feature","properties":{"mag":4.58,"place":"15km NE of Ridgecrest, CA","time":1562266566420,"updated":1590023165310,"tz":null,"url":"https://earthquake.usgs.gov/earthquakes/eventpage/ci38443719","detail":"https://earthquake.usgs.gov/fdsnws/event/1/query?eventid=ci38443719&format=geojson","felt":248,"cdi":7.4,"mmi":6.06,"alert":"green","status":"reviewed","tsunami":0,"sig":506,"net":"ci","code":"38443719","ids":",us70004a44,ci38443719,","sources":",us,ci,","types":",dyfi,focal-mechanism,losspager,moment-tensor,nearby-cities,origin,phase-data,scitech-link,shakemap,","nst":82,"dmin":0.1041,"rms":0.17,"gap":36,"magType":"mw","type":"earthquake","title":"M 4.6 - 15km NE of Ridgecrest, CA"},"geometry":{"type":"Point","coordinates":[-117.56,35.716,1.92]},"id":"ci38443719"},
{"type":"Feature","properties":{"mag":4.21,"place":"15km NE of Ridgecrest, CA","time":1562266582030,"updated":1564588461742,"tz":null,"url":"https://earthquake.usgs.gov/earthquakes/eventpage/ci37420717","detail":"https://earthquake.usgs.gov/fdsnws/event/1/query?eventid=ci37420717&format=geojson","felt":2,"cdi":4.1,"mmi":4.276,"alert":null,"status":"reviewed","tsunami":0,"sig":273,"net":"ci","code":"37420717","ids":",ci37420717,","sources":",ci,","types":",dyfi,nearby-cities,origin,phase-data,scitech-link,shakemap,","nst":18,"dmin":0.1125,"rms":0.26,"gap":89,"magType":"mlr","type":"earthquake","title":"M 4.2 - 15km NE of Ridgecrest, CA"},"geometry":{"type":"Point","coordinates":[-117.5541667,35.7086667,1.16]},"id":"ci37420717"},
{"type":"Feature","properties":{"mag":4.5,"place":"13km SSW of Searles Valley, CA","time":1562268092090,"updated":1569508212040,"tz":null,"url":"https://earthquake.usgs.gov/earthquakes/eventpage/ci38443871","detail":"https://earthquake.usgs.gov/fdsnws/event/1/query?eventid=ci38443871&format=geojson","felt":124,"cdi":5,"mmi":5.96,"alert":"green","status":"reviewed","tsunami":0,"sig":374,"net":"ci","code":"38443871","ids":",ci38443871,us70004a5e,","sources":",ci,us,","types":",dyfi,focal-mechanism,losspager,nearby-cities,origin,phase-data,scitech-link,shakemap,","nst":79,"dmin":0.08589,"rms":0.16,"gap":24,"magType":"mw","type":"earthquake","title":"M 4.5 - 13km SSW of Searles Valley, CA"},"geometry":{"type":"Point","coordinates":[-117.4788333,35.6715,5.16]},"id":"ci38443871"},
{"type":"Feature","properties":{"mag":4.16,"place":"14km ENE of Ridgecrest, CA","time":1562270160500,"updated":1569508212040,"tz":null,"url":"https://earthquake.usgs.gov/earthquakes/eventpage/ci38444103","detail":"https://earthquake.usgs.gov/fdsnws/event/1/query?eventid=ci38444103&format=geojson","felt":36,"cdi":6.7,"mmi":6.08,"alert":"green","status":"reviewed","tsunami":0,"sig":290,"net":"ci","code":"38444103","ids":",nn00689351,ci38444103,nn00689349,us70004a6p,","sources":",nn,ci,nn,us,","types":",dyfi,focal-mechanism,losspager,nearby-cities,origin,phase-data,scitech-link,shakemap,","nst":81,"dmin":0.09089,"rms":0.18,"gap":23,"magType":"mw","type":"earthquake","title":"M 4.2 - 14km ENE of Ridgecrest, CA"},"geometry":{"type":"Point","coordinates":[-117.524,35.6623333,1.49]},"id":"ci38444103"},
{"type":"Feature","properties":{"mag":3.99,"place":"12km SW of Searles Valley, CA","time":1562271290340,"updated":1569508213040,"tz":null,"url":"https://earthquake.usgs.gov/earthquakes/eventpage/ci38444215","detail":"https://earthquake.usgs.gov/fdsnws/event/1/query?eventid=ci38444215&format=geojson","felt":0,"cdi":1,"mmi":5.58,"alert":null,"status":"reviewed","tsunami":0,"sig":245,"net":"ci","code":"38444215","ids":",us70004a7z,ci38444215,","sources":",us,ci,","types":",dyfi,focal-mechanism,nearby-cities,origin,phase-data,scitech-link,shakemap,","nst":74,"dmin":0.1197,"rms":0.15,"gap":23,"magType":"mlr","type":"earthquake","title":"M 4.0 - 12km SW of Searles Valley, CA"},"geometry":{"type":"Point","coordinates":[-117.5125,35.6991667,5.75]},"id":"ci38444215"},
{"type":"Feature","properties":{"mag":3.56,"place":"9km SW of Searles Valley, CA","time":1562277922270,"updated":1655570882806,"tz":null,"url":"https://earthquake.usgs.gov/earthquakes/eventpage/ci37225444","detail":"https://earthquake.usgs.gov/fdsnws/event/1/query?eventid=ci37225444&format=geojson","felt":null,"cdi":null,"mmi":null,"alert":null,"status":"reviewed","tsunami":0,"sig":195,"net":"ci","code":"37225444","ids":",us70004ach,ci37225444,","sources":",us,ci,","types":",nearby-cities,origin,phase-data,","nst":39,"dmin":0.1253,"rms":0.13,"gap":64,"magType":"ml","type":"earthquake","title":"M 3.6 - 9km SW of Searles Valley, CA"},"geometry":{"type":"Point","coordinates":[-117.477,35.7115,1.32]},"id":"ci37225444"},
{"type":"Feature","properties":{"mag":4.43,"place":"15km W of Searles Valley, CA","time":1562278328490,"updated":1582065479513,"tz":null,"url":"https://earthquake.usgs.gov/earthquakes/eventpage/ci38445087","detail":"https://earthquake.usgs.gov/fdsnws/event/1/query?eventid=ci38445087&format=geojson","felt":28,"cdi":4.6,"mmi":6.09,"alert":"green","status":"reviewed","tsunami":0,"sig":315,"net":"ci","code":"38445087","ids":",ci38445087,us70004acs,","sources":",ci,us,","types":",dyfi,losspager,moment-tensor,nearby-cities,origin,phase-data,scitech-link,shakemap,","nst":74,"dmin":0.07452,"rms":0.15,"gap":44,"magType":"mw","type":"earthquake","title":"M 4.4 - 15km W of Searles Valley, CA"},"geometry":{"type":"Point","coordinates":[-117.5636667,35.7463333,5.76]},"id":"ci38445087"},
{"type":"Feature","properties":{"mag":3.53,"place":"12km SSW of Searles Valley, CA","time":1562281960400,"updated":1655598533911,"tz":null,"url":"https://earthquake.usgs.gov/earthquakes/eventpage/ci38445495","detail":"https://earthquake.usgs.gov/fdsnws/event/1/query?eventid=ci38445495&format=geojson","felt":6,"cdi":3.8,"mmi":5.46,"alert":null,"status":"reviewed","tsunami":0,"sig":194,"net":"ci","code":"38445495","ids":",us70004aer,ci38445495,","sources":",us,ci,","types":",dyfi,focal-mechanism,nearby-cities,origin,phase-data,scitech-link,shakemap,","nst":50,"dmin":0.0868,"rms":0.14,"gap":38,"magType":"ml","type":"earthquake","title":"M 3.5 - 12km SSW of Searles Valley, CA"},"geometry":{"type":"Point","coordinates":[-117.4713333,35.6731667,9.01]},"id":"ci38445495"},
{"type":"Feature","properties":{"mag":3.82,"place":"14km ENE of Ridgecrest, CA","time":1562283240630,"updated":1569508263040,"tz":null,"url":"https://earthquake.usgs.gov/earthquakes/eventpage/ci37420973","detail":"https://earthquake.usgs.gov/fdsnws/event/1/query?eventid=ci37420973&format=geojson","felt":null,"cdi":null,"mmi":4.69,"alert":null,"status":"reviewed","tsunami":0,"sig":224,"net":"ci","code":"37420973","ids":",ci37420973,us70004g21,","sources":",ci,us,","types":",nearby-cities,origin,phase-data,scitech-link,shakemap,","nst":30,"dmin":0.09111,"rms":0.14,"gap":45,"magType":"ml","type":"earthquake","title":"M 3.8 - 14km ENE of Ridgecrest, CA"},"geometry":{"type":"Point","coordinates":[-117.5245,35.6623333,2.61]},"id":"ci37420973"},
{"type":"Feature","properties":{"mag":4.04,"place":"6km ESE of Ridgecrest, CA","time":1562283242380,"updated":1590023211063,"tz":null,"url":"https://earthquake.usgs.gov/earthquakes/eventpage/ci38445703","detail":"https://earthquake.usgs.gov/fdsnws/event/1/query?eventid=ci38445703&format=geojson","felt":12,"cdi":4.1,"mmi":5.51,"alert":"green","status":"reviewed","tsunami":0,"sig":256,"net":"ci","code":"38445703","ids":",us70004afg,ci38445703,","sources":",us,ci,","types":",dyfi,losspager,moment-tensor,nearby-cities,origin,phase-data,scitech-link,shakemap,","nst":52,"dmin":0.1219,"rms":0.24,"gap":54,"magType":"mw","type":"earthquake","title":"M 4.0 - 6km ESE of Ridgecrest, CA"},"geometry":{"type":"Point","coordinates":[-117.6106667,35.6011667,4.75]},"id":"ci38445703"},
{"type":"Feature","properties":{"mag":3.72,"place":"15km W of Searles Valley, CA","time":1562283753830,"updated":1569508214040,"tz":null,"url":"https://earthquake.usgs.gov/earthquakes/eventpage/ci38445751","detail":"https://earthquake.usgs.gov/fdsnws/event/1/query?eventid=ci38445751&format=geojson","felt":3,"cdi":4.2,"mmi":5.58,"alert":null,"status":"reviewed","tsunami":0,"sig":214,"net":"ci","code":"38445751","ids":",ci38445751,us70004afm,","sources":",ci,us,","types":",dyfi,focal-mechanism,nearby-cities,origin,phase-data,scitech-link,shakemap,","nst":55,"dmin":0.07193,"rms":0.15,"gap":44,"magType":"mw","type":"earthquake","title":"M 3.7 - 15km W of Searles Valley, CA"},"geometry":{"type":"Point","coordinates":[-117.5678333,35.7478333,4.36]},"id":"ci38445751"},
{"type":"Feature","properties":{"mag":4.04,"place":"18km NNE of Ridgecrest, CA","time":1562285881410,"updated":1569508214040,"tz":null,"url":"https://earthquake.usgs.gov/earthquakes/eventpage/ci38445975","detail":"https://earthquake.usgs.gov/fdsnws/event/1/query?eventid=ci38445975&format=geojson","felt":5,"cdi":3.4,"mmi":6.23,"alert":"green","status":"reviewed","tsunami":0,"sig":253,"net":"ci","code":"38445975","ids":",us70004agg,ci38445975,","sources":",us,ci,","types":",dyfi,focal-mechanism,losspager,nearby-cities,origin,phase-data,scitech-link,shakemap,","nst":67,"dmin":0.04682,"rms":0.14,"gap":43,"magType":"mw","type":"earthquake","title":"M 4.0 - 18km NNE of Ridgecrest, CA"},"geometry":{"type":"Point","coordinates":[-117.6178333,35.7718333,2.59]},"id":"ci38445975"},
{"type":"Feature","properties":{"mag":4.02,"place":"10km SW of Searles Valley, CA","time":1562286726670,"updated":1590023257714,"tz":null,"url":"https://earthquake.usgs.gov/earthquakes/eventpage/ci38446071","detail":"https://earthquake.usgs.gov/fdsnws/event/1/query?eventid=ci38446071&format=geojson","felt":4,"cdi":2,"mmi":5.43,"alert":"green","status":"reviewed","tsunami":0,"sig":249,"net":"ci","code":"38446071","ids":",us70004ah0,ci38446071,","sources":",us,ci,","types":",dyfi,focal-mechanism,losspager,nearby-cities,origin,phase-data,scitech-link,shakemap,","nst":68,"dmin":0.1178,"rms":0.14,"gap":23,"magType":"mw","type":"earthquake","title":"M 4.0 - 10km SW of Searles Valley, CA"},"geometry":{"type":"Point","coordinates":[-117.4828333,35.7033333,1]},"id":"ci38446071"},
{"type":"Feature","properties":{"mag":3.85,"place":"12km SW of Searles Valley, CA","time":1562287539460,"updated":1569508215040,"tz":null,"url":"https://earthquake.usgs.gov/earthquakes/eventpage/ci38446159","detail":"https://earthquake.usgs.gov/fdsnws/event/1/query?eventid=ci38446159&format=geojson","felt":7,"cdi":3.8,"mmi":5.62,"alert":null,"status":"reviewed","tsunami":0,"sig":231,"net":"ci","code":"38446159","ids":",ci38446159,us70004ahd,","sources":",ci,us,","types":",dyfi,focal-mechanism,nearby-cities,origin,phase-data,scitech-link,shakemap,","nst":79,"dmin":0.1143,"rms":0.14,"gap":22,"magType":"mw","type":"earthquake","title":"M 3.9 - 12km SW of Searles Valley, CA"},"geometry":{"type":"Point","coordinates":[-117.5083333,35.6946667,6.22]},"id":"ci38446159"},
{"type":"Feature","properties":{"mag":3.98,"place":"12km E of Ridgecrest, CA","time":1562292119010,"updated":1569508215040,"tz":null,"url":"https://earthquake.usgs.gov/earthquakes/eventpage/ci38446647","detail":"https://earthquake.usgs.gov/fdsnws/event/1/query?eventid=ci38446647&format=geojson","felt":7,"cdi":3.3,"mmi":5.55,"alert":null,"status":"reviewed","tsunami":0,"sig":246,"net":"ci","code":"38446647","ids":",ci38446647,us70004ajg,","sources":",ci,us,","types":",dyfi,focal-mechanism,moment-tensor,nearby-cities,origin,phase-data,scitech-link,shakemap,","nst":71,"dmin":0.08688,"rms":0.17,"gap":37,"magType":"mw","type":"earthquake","title":"M 4.0 - 12km E of Ridgecrest, CA"},"geometry":{"type":"Point","coordinates":[-117.5461667,35.6401667,11.3]},"id":"ci38446647"},
{"type":"Feature","properties":{"mag":3.53,"place":"14km WSW of Searles Valley, CA","time":1562299898570,"updated":1569508216040,"tz":null,"url":"https://earthquake.usgs.gov/earthquakes/eventpage/ci38447591","detail":"https://earthquake.usgs.gov/fdsnws/event/1/query?eventid=ci38447591&format=geojson","felt":4,"cdi":2.5,"mmi":5.28,"alert":null,"status":"reviewed","tsunami":0,"sig":193,"net":"ci","code":"38447591","ids":",ci38447591,us70004apa,","sources":",ci,us,","types":",dyfi,focal-mechanism,nearby-cities,origin,phase-data,scitech-link,shakemap,","nst":71,"dmin":0.09986,"rms":0.15,"gap":36,"magType":"mw","type":"earthquake","title":"M 3.5 - 14km WSW of Searles Valley, CA"},"geometry":{"type":"Point","coordinates":[-117.5545,35.722,2.02]},"id":"ci38447591"},
{"type":"Feature","properties":{"mag":3.56,"place":"10km SW of Searles Valley, CA","time":1562300085300,"updated":1569508216040,"tz":null,"url":"https://earthquake.usgs.gov/earthquakes/eventpage/ci38447623","detail":"https://earthquake.usgs.gov/fdsnws/event/1/query?eventid=ci38447623&format=geojson","felt":4,"cdi":3.8,"mmi":4.84,"alert":null,"status":"reviewed","tsunami":0,"sig":196,"net":"ci","code":"38447623","ids":",ci38447623,nn00689837,us70004apc,","sources":",ci,nn,us,","types":",dyfi,focal-mechanism,nearby-cities,origin,phase-data,scitech-link,shakemap,","nst":62,"dmin":0.1136,"rms":0.15,"gap":23,"magType":"ml","type":"earthquake","title":"M 3.6 - 10km SW of Searles Valley, CA"},"geometry":{"type":"Point","coordinates":[-117.481,35.6993333,1.16]},"id":"ci38447623"},
{"type":"Feature","properties":{"mag":3.65,"place":"9km E of Ridgecrest, CA","time":1562306963110,"updated":1655401401240,"tz":null,"url":"https://earthquake.usgs.gov/earthquakes/eventpage/ci38448295","detail":"https://earthquake.usgs.gov/fdsnws/event/1/query?eventid=ci38448295&format=geojson","felt":6,"cdi":3.8,"mmi":5.46,"alert":null,"status":"reviewed","tsunami":0,"sig":207,"net":"ci","code":"38448295","ids":",us70004ari,ci38448295,","sources":",us,ci,","types":",dyfi,focal-mechanism,nearby-cities,origin,phase-data,scitech-link,shakemap,","nst":70,"dmin":0.09629,"rms":0.13,"gap":37,"magType":"mw","type":"earthquake","title":"M 3.7 - 9km E of Ridgecrest, CA"},"geometry":{"type":"Point","coordinates":[-117.5716667,35.6228333,7.25]},"id":"ci38448295"},
{"type":"Feature","properties":{"mag":3.72,"place":"14km W of Searles Valley, CA","time":1562311657110,"updated":1569508217040,"tz":null,"url":"https://earthquake.usgs.gov/earthquakes/eventpage/ci38448791","detail":"https://earthquake.usgs.gov/fdsnws/event/1/query?eventid=ci38448791&format=geojson","felt":20,"cdi":4.3,"mmi":5.63,"alert":null,"status":"reviewed","tsunami":0,"sig":221,"net":"ci","code":"38448791","ids":",ci38448791,us70004at0,","sources":",ci,us,","types":",dyfi,focal-mechanism,nearby-cities,origin,phase-data,scitech-link,shakemap,","nst":72,"dmin":0.07099,"rms":0.16,"gap":44,"magType":"mw","type":"earthquake","title":"M 3.7 - 14km W of Searles Valley, CA"},"geometry":{"type":"Point","coordinates":[-117.5631667,35.7503333,6.89]},"id":"ci38448791"},
{"type":"Feature","properties":{"mag":3.62,"place":"12km ENE of Ridgecrest, CA","time":1562319989080,"updated":1569508217040,"tz":null,"url":"https://earthquake.usgs.gov/earthquakes/eventpage/ci38449719","detail":"https://earthquake.usgs.gov/fdsnws/event/1/query?eventid=ci38449719&format=geojson","felt":8,"cdi":3.8,"mmi":4.92,"alert":null,"status":"reviewed","tsunami":0,"sig":205,"net":"ci","code":"38449719","ids":",ci38449719,us70004avs,","sources":",ci,us,","types":",dyfi,focal-mechanism,nearby-cities,origin,phase-data,scitech-link,shakemap,","nst":72,"dmin":0.09423,"rms":0.13,"gap":52,"magType":"ml","type":"earthquake","title":"M 3.6 - 12km ENE of Ridgecrest, CA"},"geometry":{"type":"Point","coordinates":[-117.5481667,35.6496667,2.3]},"id":"ci38449719"},
{"type":"Feature","properties":{"mag":3.54,"place":"8km ESE of Ridgecrest, CA","time":1562324378920,"updated":1569508218040,"tz":null,"url":"https://earthquake.usgs.gov/earthquakes/eventpage/ci38450223","detail":"https://earthquake.usgs.gov/fdsnws/event/1/query?eventid=ci38450223&format=geojson","felt":23,"cdi":3.8,"mmi":5.26,"alert":null,"status":"reviewed","tsunami":0,"sig":202,"net":"ci","code":"38450223","ids":",ci38450223,us70004axb,","sources":",ci,us,","types":",dyfi,focal-mechanism,nearby-cities,origin,phase-data,scitech-link,shakemap,","nst":77,"dmin":0.1054,"rms":0.14,"gap":24,"magType":"mw","type":"earthquake","title":"M 3.5 - 8km ESE of Ridgecrest, CA"},"geometry":{"type":"Point","coordinates":[-117.5901667,35.602,2.82]},"id":"ci38450223"},
{"type":"Feature","properties":{"mag":5.37,"place":"16km W of Searles Valley, CA","time":1562324873040,"updated":1766427164702,"tz":null,"url":"https://earthquake.usgs.gov/earthquakes/eventpage/ci38450263","detail":"https://earthquake.usgs.gov/fdsnws/event/1/query?eventid=ci38450263&format=geojson","felt":3019,"cdi":6.1,"mmi":7.13,"alert":"green","status":"reviewed","tsunami":1,"sig":1054,"net":"ci","code":"38450263","ids":",ci38450263,at00pu61l5,us70004axh,iscgem616043696,","sources":",ci,at,us,iscgem,","types":",dyfi,focal-mechanism,ground-failure,impact-link,losspager,moment-tensor,nearby-cities,origin,phase-data,scitech-link,shakemap,","nst":79,"dmin":0.05824,"rms":0.2,"gap":43,"magType":"mw","type":"earthquake","title":"M 5.4 - 16km W of Searles Valley, CA"},"geometry":{"type":"Point","coordinates":[-117.575,35.7603333,6.95]},"id":"ci38450263"},
{"type":"Feature","properties":{"mag":3.75,"place":"15km W of Searles Valley, CA","time":1562324920190,"updated":1582141513183,"tz":null,"url":"https://earthquake.usgs.gov/earthquakes/eventpage/ci37260284","detail":"https://earthquake.usgs.gov/fdsnws/event/1/query?eventid=ci37260284&format=geojson","felt":null,"cdi":null,"mmi":null,"alert":null,"status":"reviewed","tsunami":0,"sig":216,"net":"ci","code":"37260284","ids":",ci37260284,","sources":",ci,","types":",nearby-cities,origin,phase-data,","nst":24,"dmin":0.06184,"rms":0.11,"gap":74,"magType":"mlr","type":"earthquake","title":"M 3.8 - 15km W of Searles Valley, CA"},"geometry":{"type":"Point","coordinates":[-117.5715,35.7575,7.02]},"id":"ci37260284"},
{"type":"Feature","properties":{"mag":4.09,"place":"15km W of Searles Valley, CA","time":1562330310020,"updated":1573837495384,"tz":null,"url":"https://earthquake.usgs.gov/earthquakes/eventpage/ci38451079","detail":"https://earthquake.usgs.gov/fdsnws/event/1/query?eventid=ci38451079&format=geojson","felt":24,"cdi":3.8,"mmi":5.76,"alert":"green","status":"reviewed","tsunami":0,"sig":266,"net":"ci","code":"38451079","ids":",ci38451079,us70004azu,","sources":",ci,us,","types":",dyfi,focal-mechanism,losspager,moment-tensor,nearby-cities,origin,phase-data,scitech-link,shakemap,","nst":73,"dmin":0.0491,"rms":0.14,"gap":44,"magType":"mw","type":"earthquake","title":"M 4.1 - 15km W of Searles Valley, CA"},"geometry":{"type":"Point","coordinates":[-117.5706667,35.7716667,6.82]},"id":"ci38451079"},
{"type":"Feature","properties":{"mag":3.65,"place":"15km W of Searles Valley, CA","time":1562331304830,"updated":1591241229140,"tz":null,"url":"https://earthquake.usgs.gov/earthquakes/eventpage/ci38451239","detail":"https://earthquake.usgs.gov/fdsnws/event/1/query?eventid=ci38451239&format=geojson","felt":8,"cdi":3.4,"mmi":5.11,"alert":null,"status":"reviewed","tsunami":0,"sig":208,"net":"ci","code":"38451239","ids":",ci38451239,us70004b05,","sources":",ci,us,","types":",dyfi,focal-mechanism,nearby-cities,origin,phase-data,scitech-link,shakemap,","nst":70,"dmin":0.06955,"rms":0.15,"gap":44,"magType":"mw","type":"earthquake","title":"M 3.7 - 15km W of Searles Valley, CA"},"geometry":{"type":"Point","coordinates":[-117.5643333,35.7515,7.35]},"id":"ci38451239"},
{"type":"Feature","properties":{"mag":3.94,"place":"15km W of Searles Valley, CA","time":1562337573450,"updated":1569508220040,"tz":null,"url":"https://earthquake.usgs.gov/earthquakes/eventpage/ci38452095","detail":"https://earthquake.usgs.gov/fdsnws/event/1/query?eventid=ci38452095&format=geojson","felt":21,"cdi":4.1,"mmi":5.38,"alert":null,"status":"reviewed","tsunami":0,"sig":247,"net":"ci","code":"38452095","ids":",ci38452095,us70004b2w,","sources":",ci,us,","types":",dyfi,focal-mechanism,nearby-cities,origin,phase-data,scitech-link,shakemap,","nst":70,"dmin":0.07758,"rms":0.15,"gap":44,"magType":"mw","type":"earthquake","title":"M 3.9 - 15km W of Searles Valley, CA"},"geometry":{"type":"Point","coordinates":[-117.5666667,35.7421667,2.89]},"id":"ci38452095"},
{"type":"Feature","properties":{"mag":3.84,"place":"9km E of Ridgecrest, CA","time":1562346156510,"updated":1569508221040,"tz":null,"url":"https://earthquake.usgs.gov/earthquakes/eventpage/ci38453279","detail":"https://earthquake.usgs.gov/fdsnws/event/1/query?eventid=ci38453279&format=geojson","felt":30,"cdi":4.3,"mmi":5.65,"alert":null,"status":"reviewed","tsunami":0,"sig":240,"net":"ci","code":"38453279","ids":",ci38453279,us70004b9n,","sources":",ci,us,","types":",dyfi,focal-mechanism,nearby-cities,origin,phase-data,scitech-link,shakemap,","nst":81,"dmin":0.1006,"rms":0.15,"gap":33,"magType":"mw","type":"earthquake","title":"M 3.8 - 9km E of Ridgecrest, CA"},"geometry":{"type":"Point","coordinates":[-117.5796667,35.6175,10.83]},"id":"ci38453279"},
{"type":"Feature","properties":{"mag":3.5,"place":"15km WSW of Searles Valley, CA","time":1562371982720,"updated":1655598558255,"tz":null,"url":"https://earthquake.usgs.gov/earthquakes/eventpage/ci38456351","detail":"https://earthquake.usgs.gov/fdsnws/event/1/query?eventid=ci38456351&format=geojson","felt":1,"cdi":3.1,"mmi":4.81,"alert":null,"status":"reviewed","tsunami":0,"sig":189,"net":"ci","code":"38456351","ids":",us70004bjw,ci38456351,","sources":",us,ci,","types":",associate,dyfi,focal-mechanism,nearby-cities,origin,phase-data,scitech-link,shakemap,","nst":57,"dmin":0.09208,"rms":0.21,"gap":44,"magType":"ml","type":"earthquake","title":"M 3.5 - 15km WSW of Searles Valley, CA"},"geometry":{"type":"Point","coordinates":[-117.5618333,35.7281667,3.13]},"id":"ci38456351"},
{"type":"Feature","properties":{"mag":3.67,"place":"16km W of Searles Valley, CA","time":1562374285700,"updated":1655401438847,"tz":null,"url":"https://earthquake.usgs.gov/earthquakes/eventpage/ci38456615","detail":"https://earthquake.usgs.gov/fdsnws/event/1/query?eventid=ci38456615&format=geojson","felt":3,"cdi":2,"mmi":5.8,"alert":null,"status":"reviewed","tsunami":0,"sig":208,"net":"ci","code":"38456615","ids":",ci38456615,us70004lkr,us70004bkq,","sources":",ci,us,us,","types":",associate,disassociate,dyfi,focal-mechanism,nearby-cities,origin,phase-data,scitech-link,shakemap,","nst":70,"dmin":0.06633,"rms":0.14,"gap":43,"magType":"mlr","type":"earthquake","title":"M 3.7 - 16km W of Searles Valley, CA"},"geometry":{"type":"Point","coordinates":[-117.5841667,35.7501667,6.6]},"id":"ci38456615"},
{"type":"Feature","properties":{"mag":4.97,"place":"14km WSW of Searles Valley, CA","time":1562382992480,"updated":1586129197030,"tz":null,"url":"https://earthquake.usgs.gov/earthquakes/eventpage/ci38457487","detail":"https://earthquake.usgs.gov/fdsnws/event/1/query?eventid=ci38457487&format=geojson","felt":63,"cdi":5,"mmi":6.68,"alert":"green","status":"reviewed","tsunami":0,"sig":412,"net":"ci","code":"38457487","ids":",ci38457487,us70004bmy,","sources":",ci,us,","types":",dyfi,focal-mechanism,losspager,moment-tensor,nearby-cities,origin,phase-data,scitech-link,shakemap,","nst":83,"dmin":0.09705,"rms":0.19,"gap":35,"magType":"mw","type":"earthquake","title":"M 5.0 - 14km WSW of Searles Valley, CA"},"geometry":{"type":"Point","coordinates":[-117.5535,35.7253333,0.88]},"id":"ci38457487"},
{"type":"Feature","properties":{"mag":4.14,"place":"14km W of Searles Valley, CA","time":1562383033500,"updated":1581018504565,"tz":null,"url":"https://earthquake.usgs.gov/earthquakes/eventpage/ci37257780","detail":"https://earthquake.usgs.gov/fdsnws/event/1/query?eventid=ci37257780&format=geojson","felt":null,"cdi":null,"mmi":4.479,"alert":null,"status":"reviewed","tsunami":0,"sig":264,"net":"ci","code":"37257780","ids":",ci37257780,","sources":",ci,","types":",nearby-cities,origin,phase-data,shakemap,","nst":27,"dmin":0.07632,"rms":0.15,"gap":68,"magType":"ml","type":"earthquake","title":"M 4.1 - 14km W of Searles Valley, CA"},"geometry":{"type":"Point","coordinates":[-117.5608333,35.7453333,6.5]},"id":"ci37257780"},
{"type":"Feature","properties":{"mag":7.1,"place":"Ridgecrest Earthquake Sequence","time":1562383193040,"updated":1788406203671,"tz":-480,"url":"https://earthquake.usgs.gov/earthquakes/eventpage/ci38457511","detail":"https://earthquake.usgs.gov/fdsnws/event/1/query?eventid=ci38457511&format=geojson","felt":39888,"cdi":8.7,"mmi":8.73,"alert":"yellow","status":"reviewed","tsunami":0,"sig":1646,"net":"ci","code":"38457511","ids":",ci38457511,us70004bn0,at00pu7alg,pt19187000,iscgem616203758,","sources":",ci,us,at,pt,iscgem,","types":",dyfi,earthquake-name,event-sequence,finite-fault,focal-mechanism,general-link,general-text,geoserve,ground-failure,impact-text,losspager,moment-tensor,nearby-cities,oaf,origin,phase-data,poster,scitech-link,shakemap,","nst":77,"dmin":0.04616,"rms":0.22,"gap":43,"magType":"mw","type":"earthquake","title":"M 7.1 - Ridgecrest Earthquake Sequence"},"geometry":{"type":"Point","coordinates":[-117.5993333,35.7695,8]},"id":"ci38457511"},
{"type":"Feature","properties":{"mag":4.33,"place":"9km NNE of Little Lake, CA","time":1562383236080,"updated":1565899848498,"tz":null,"url":"https://earthquake.usgs.gov/earthquakes/eventpage/ci37222188","detail":"https://earthquake.usgs.gov/fdsnws/event/1/query?eventid=ci37222188&format=geojson","felt":null,"cdi":null,"mmi":4.278,"alert":null,"status":"reviewed","tsunami":0,"sig":288,"net":"ci","code":"37222188","ids":",ci37222188,","sources":",ci,","types":",nearby-cities,origin,phase-data,shakemap,","nst":4,"dmin":0.03074,"rms":0.22,"gap":163,"magType":"mlr","type":"earthquake","title":"M 4.3 - 9km NNE of Little Lake, CA"},"geometry":{"type":"Point","coordinates":[-117.8525,36.0068333,13.93]},"id":"ci37222188"},
{"type":"Feature","properties":{"mag":4.81,"place":"15km E of Little Lake, CA","time":1562383241140,"updated":1565899774004,"tz":null,"url":"https://earthquake.usgs.gov/earthquakes/eventpage/ci37222196","detail":"https://earthquake.usgs.gov/fdsnws/event/1/query?eventid=ci37222196&format=geojson","felt":null,"cdi":null,"mmi":5.597,"alert":null,"status":"reviewed","tsunami":0,"sig":356,"net":"ci","code":"37222196","ids":",ci37222196,","sources":",ci,","types":",nearby-cities,origin,phase-data,shakemap,","nst":13,"dmin":0.06493,"rms":0.09,"gap":93,"magType":"mlr","type":"earthquake","title":"M 4.8 - 15km E of Little Lake, CA"},"geometry":{"type":"Point","coordinates":[-117.7376667,35.9496667,9.28]},"id":"ci37222196"},
{"type":"Feature","properties":{"mag":4.33,"place":"23km N of Ridgecrest, CA","time":1562383270050,"updated":1582153871614,"tz":null,"url":"https://earthquake.usgs.gov/earthquakes/eventpage/ci37222204","detail":"https://earthquake.usgs.gov/fdsnws/event/1/query?eventid=ci37222204&format=geojson","felt":null,"cdi":null,"mmi":4.841,"alert":null,"status":"reviewed","tsunami":0,"sig":288,"net":"ci","code":"37222204","ids":",ci37222204,","sources":",ci,","types":",nearby-cities,origin,phase-data,shakemap,","nst":15,"dmin":0.05305,"rms":0.21,"gap":103,"magType":"mlr","type":"earthquake","title":"M 4.3 - 23km N of Ridgecrest, CA"},"geometry":{"type":"Point","coordinates":[-117.6601667,35.8306667,5.86]},"id":"ci37222204"},
{"type":"Feature","properties":{"mag":4.15,"place":"18km ESE of Ridgecrest, CA","time":1562383279190,"updated":1582154247113,"tz":null,"url":"https://earthquake.usgs.gov/earthquakes/eventpage/ci37260300","detail":"https://earthquake.usgs.gov/fdsnws/event/1/query?eventid=ci37260300&format=geojson","felt":null,"cdi":null,"mmi":4.634,"alert":null,"status":"reviewed","tsunami":0,"sig":265,"net":"ci","code":"37260300","ids":",ci37260300,","sources":",ci,","types":",nearby-cities,origin,phase-data,shakemap,","nst":4,"dmin":0.05638,"rms":0.06,"gap":183,"magType":"mlr","type":"earthquake","title":"M 4.2 - 18km ESE of Ridgecrest, CA"},"geometry":{"type":"Point","coordinates":[-117.5053333,35.5423333,5.6]},"id":"ci37260300"},
{"type":"Feature","properties":{"mag":4.64,"place":"16km E of Little Lake, CA","time":1562383323570,"updated":1573838585605,"tz":null,"url":"https://earthquake.usgs.gov/earthquakes/eventpage/ci38457519","detail":"https://earthquake.usgs.gov/fdsnws/event/1/query?eventid=ci38457519&format=geojson","felt":7,"cdi":4.1,"mmi":6.54,"alert":"green","status":"reviewed","tsunami":0,"sig":334,"net":"ci","code":"38457519","ids":",ci38457519,us70004bq4,","sources":",ci,us,","types":",dyfi,losspager,nearby-cities,origin,phase-data,scitech-link,shakemap,","nst":21,"dmin":0.06897,"rms":0.15,"gap":52,"magType":"mlr","type":"earthquake","title":"M 4.6 - 16km E of Little Lake, CA"},"geometry":{"type":"Point","coordinates":[-117.729,35.9216667,8.17]},"id":"ci38457519"},
{"type":"Feature","properties":{"mag":4.55,"place":"13km W of Searles Valley, CA","time":1562383337100,"updated":1565302062040,"tz":null,"url":"https://earthquake.usgs.gov/earthquakes/eventpage/ci37219484","detail":"https://earthquake.usgs.gov/fdsnws/event/1/query?eventid=ci37219484&format=geojson","felt":null,"cdi":null,"mmi":5.494,"alert":null,"status":"reviewed","tsunami":0,"sig":318,"net":"ci","code":"37219484","ids":",ci37219484,us60004x4n,","sources":",ci,us,","types":",nearby-cities,origin,phase-data,shakemap,","nst":22,"dmin":0.07966,"rms":0.2,"gap":70,"magType":"mlr","type":"earthquake","title":"M 4.6 - 13km W of Searles Valley, CA"},"geometry":{"type":"Point","coordinates":[-117.5456667,35.748,3.9]},"id":"ci37219484"},
{"type":"Feature","properties":{"mag":4.46,"place":"17km S of Searles Valley, CA","time":1562383347160,"updated":1565302184040,"tz":null,"url":"https://earthquake.usgs.gov/earthquakes/eventpage/ci37219492","detail":"https://earthquake.usgs.gov/fdsnws/event/1/query?eventid=ci37219492&format=geojson","felt":null,"cdi":null,"mmi":4.883,"alert":null,"status":"reviewed","tsunami":0,"sig":306,"net":"ci","code":"37219492","ids":",ci37219492,us60004x57,us60004xjc,","sources":",ci,us,us,","types":",nearby-cities,origin,phase-data,shakemap,","nst":7,"dmin":0.04167,"rms":0.16,"gap":174,"magType":"mlr","type":"earthquake","title":"M 4.5 - 17km S of Searles Valley, CA"},"geometry":{"type":"Point","coordinates":[-117.4275,35.6171667,8.45]},"id":"ci37219492"},
{"type":"Feature","properties":{"mag":4.73,"place":"17km S of Searles Valley, CA","time":1562383355630,"updated":1613762262104,"tz":null,"url":"https://earthquake.usgs.gov/earthquakes/eventpage/ci37219500","detail":"https://earthquake.usgs.gov/fdsnws/event/1/query?eventid=ci37219500&format=geojson","felt":null,"cdi":null,"mmi":5.274,"alert":null,"status":"reviewed","tsunami":0,"sig":344,"net":"ci","code":"37219500","ids":",ci37219500,us60004xjc,","sources":",ci,us,","types":",disassociate,nearby-cities,origin,phase-data,shakemap,","nst":7,"dmin":0.03984,"rms":0.14,"gap":180,"magType":"mlr","type":"earthquake","title":"M 4.7 - 17km S of Searles Valley, CA"},"geometry":{"type":"Point","coordinates":[-117.4301667,35.6166667,9.35]},"id":"ci37219500"},
{"type":"Feature","properties":{"mag":4.64,"place":"16km ESE of Little Lake, CA","time":1562383368300,"updated":1573838261338,"tz":null,"url":"https://earthquake.usgs.gov/earthquakes/eventpage/ci37219156","detail":"https://earthquake.usgs.gov/fdsnws/event/1/query?eventid=ci37219156&format=geojson","felt":4,"cdi":2.2,"mmi":6.33,"alert":"green","status":"reviewed","tsunami":0,"sig":332,"net":"ci","code":"37219156","ids":",ci37219156,us70004dlk,","sources":",ci,us,","types":",dyfi,losspager,nearby-cities,origin,phase-data,scitech-link,shakemap,","nst":29,"dmin":0.08543,"rms":0.16,"gap":34,"magType":"mlr","type":"earthquake","title":"M 4.6 - 16km ESE of Little Lake, CA"},"geometry":{"type":"Point","coordinates":[-117.7365,35.891,9.1]},"id":"ci37219156"},
{"type":"Feature","properties":{"mag":3.78,"place":"23km WNW of Searles Valley, CA","time":1562383387570,"updated":1582161217921,"tz":null,"url":"https://earthquake.usgs.gov/earthquakes/eventpage/ci37260308","detail":"https://earthquake.usgs.gov/fdsnws/event/1/query?eventid=ci37260308&format=geojson","felt":null,"cdi":null,"mmi":3.881,"alert":null,"status":"reviewed","tsunami":0,"sig":220,"net":"ci","code":"37260308","ids":",ci37260308,","sources":",ci,","types":",nearby-cities,origin,phase-data,shakemap,","nst":9,"dmin":0.04142,"rms":0.06,"gap":132,"magType":"mlr","type":"earthquake","title":"M 3.8 - 23km WNW of Searles Valley, CA"},"geometry":{"type":"Point","coordinates":[-117.6406667,35.8378333,9.75]},"id":"ci37260308"},
{"type":"Feature","properties":{"mag":4.52,"place":"22km ESE of Little Lake, CA","time":1562383399870,"updated":1565302214040,"tz":null,"url":"https://earthquake.usgs.gov/earthquakes/eventpage/ci37219468","detail":"https://earthquake.usgs.gov/fdsnws/event/1/query?eventid=ci37219468&format=geojson","felt":null,"cdi":null,"mmi":5.162,"alert":null,"status":"reviewed","tsunami":0,"sig":314,"net":"ci","code":"37219468","ids":",ci37219468,us60004x4a,","sources":",ci,us,","types":",nearby-cities,origin,phase-data,shakemap,","nst":13,"dmin":0.07937,"rms":0.24,"gap":85,"magType":"mlr","type":"earthquake","title":"M 4.5 - 22km ESE of Little Lake, CA"},"geometry":{"type":"Point","coordinates":[-117.6778333,35.861,6.82]},"id":"ci37219468"},
{"type":"Feature","properties":{"mag":4,"place":"18km ESE of Little Lake, CA","time":1562383409560,"updated":1582226712744,"tz":null,"url":"https://earthquake.usgs.gov/earthquakes/eventpage/ci37260316","detail":"https://earthquake.usgs.gov/fdsnws/event/1/query?eventid=ci37260316&format=geojson","felt":null,"cdi":null,"mmi":4.383,"alert":null,"status":"reviewed","tsunami":0,"sig":246,"net":"ci","code":"37260316","ids":",ci37260316,","sources":",ci,","types":",nearby-cities,origin,phase-data,shakemap,","nst":9,"dmin":0.09198,"rms":0.11,"gap":255,"magType":"mlr","type":"earthquake","title":"M 4.0 - 18km ESE of Little Lake, CA"},"geometry":{"type":"Point","coordinates":[-117.724,35.8778333,6.14]},"id":"ci37260316"},
{"type":"Feature","properties":{"mag":4.22,"place":"16km ESE of Ridgecrest, CA","time":1562383414710,"updated":1565302258040,"tz":null,"url":"https://earthquake.usgs.gov/earthquakes/eventpage/ci37219476","detail":"https://earthquake.usgs.gov/fdsnws/event/1/query?eventid=ci37219476&format=geojson","felt":null,"cdi":null,"mmi":4.25,"alert":null,"status":"reviewed","tsunami":0,"sig":274,"net":"ci","code":"37219476","ids":",ci37219476,us60004x4f,","sources":",ci,us,","types":",nearby-cities,origin,phase-data,shakemap,","nst":9,"dmin":0.04777,"rms":0.12,"gap":129,"magType":"mlr","type":"earthquake","title":"M 4.2 - 16km ESE of Ridgecrest, CA"},"geometry":{"type":"Point","coordinates":[-117.5165,35.5685,10.82]},"id":"ci37219476"},
{"type":"Feature","properties":{"mag":4.84,"place":"20km WNW of Searles Valley, CA","time":1562383430720,"updated":1573838762971,"tz":null,"url":"https://earthquake.usgs.gov/earthquakes/eventpage/ci37219164","detail":"https://earthquake.usgs.gov/fdsnws/event/1/query?eventid=ci37219164&format=geojson","felt":23,"cdi":4.1,"mmi":6.92,"alert":"green","status":"reviewed","tsunami":0,"sig":370,"net":"ci","code":"37219164","ids":",us70004bp7,ci37219164,","sources":",us,ci,","types":",dyfi,ground-failure,losspager,nearby-cities,origin,phase-data,scitech-link,shakemap,","nst":39,"dmin":0.02074,"rms":0.23,"gap":54,"magType":"mlr","type":"earthquake","title":"M 4.8 - 20km WNW of Searles Valley, CA"},"geometry":{"type":"Point","coordinates":[-117.6178333,35.8031667,11.44]},"id":"ci37219164"},
{"type":"Feature","properties":{"mag":3.91,"place":"18km ESE of Little Lake, CA","time":1562383447550,"updated":1613762259295,"tz":null,"url":"https://earthquake.usgs.gov/earthquakes/eventpage/ci37219508","detail":"https://earthquake.usgs.gov/fdsnws/event/1/query?eventid=ci37219508&format=geojson","felt":null,"cdi":null,"mmi":4.129,"alert":null,"status":"reviewed","tsunami":0,"sig":235,"net":"ci","code":"37219508","ids":",ci37219508,us60004xje,","sources":",ci,us,","types":",disassociate,nearby-cities,origin,phase-data,shakemap,","nst":7,"dmin":0.08259,"rms":0.08,"gap":183,"magType":"mlr","type":"earthquake","title":"M 3.9 - 18km ESE of Little Lake, CA"},"geometry":{"type":"Point","coordinates":[-117.7201667,35.8876667,7.95]},"id":"ci37219508"},
{"type":"Feature","properties":{"mag":3.52,"place":"18km ESE of Little Lake, CA","time":1562383455200,"updated":1582227741849,"tz":null,"url":"https://earthquake.usgs.gov/earthquakes/eventpage/ci37260444","detail":"https://earthquake.usgs.gov/fdsnws/event/1/query?eventid=ci37260444&format=geojson","felt":null,"cdi":null,"mmi":3.697,"alert":null,"status":"reviewed","tsunami":0,"sig":191,"net":"ci","code":"37260444","ids":",ci37260444,","sources":",ci,","types":",nearby-cities,origin,phase-data,shakemap,","nst":10,"dmin":0.06564,"rms":0.09,"gap":109,"magType":"mlr","type":"earthquake","title":"M 3.5 - 18km ESE of Little Lake, CA"},"geometry":{"type":"Point","coordinates":[-117.7075,35.9013333,7.11]},"id":"ci37260444"},
{"type":"Feature","properties":{"mag":4.19,"place":"17km ESE of Little Lake, CA","time":1562383462370,"updated":1565220495040,"tz":null,"url":"https://earthquake.usgs.gov/earthquakes/eventpage/ci38457535","detail":"https://earthquake.usgs.gov/fdsnws/event/1/query?eventid=ci38457535&format=geojson","felt":0,"cdi":1,"mmi":6.78,"alert":"green","status":"reviewed","tsunami":0,"sig":270,"net":"ci","code":"38457535","ids":",ci38457535,us60004xje,us60004xjg,","sources":",ci,us,us,","types":",dyfi,losspager,nearby-cities,origin,phase-data,scitech-link,shakemap,","nst":26,"dmin":0.07755,"rms":0.18,"gap":38,"magType":"mlr","type":"earthquake","title":"M 4.2 - 17km ESE of Little Lake, CA"},"geometry":{"type":"Point","coordinates":[-117.7273333,35.9018333,5.3]},"id":"ci38457535"},
{"type":"Feature","properties":{"mag":4.07,"place":"21km ESE of Little Lake, CA","time":1562383473520,"updated":1613762260687,"tz":null,"url":"https://earthquake.usgs.gov/earthquakes/eventpage/ci37219516","detail":"https://earthquake.usgs.gov/fdsnws/event/1/query?eventid=ci37219516&format=geojson","felt":null,"cdi":null,"mmi":4.402,"alert":null,"status":"reviewed","tsunami":0,"sig":255,"net":"ci","code":"37219516","ids":",ci37219516,us60004xjg,","sources":",ci,us,","types":",disassociate,nearby-cities,origin,phase-data,shakemap,","nst":9,"dmin":0.06017,"rms":0.17,"gap":86,"magType":"mlr","type":"earthquake","title":"M 4.1 - 21km ESE of Little Lake, CA"},"geometry":{"type":"Point","coordinates":[-117.6755,35.8911667,7.42]},"id":"ci37219516"},
{"type":"Feature","properties":{"mag":3.92,"place":"19km NW of Searles Valley, CA","time":1562383496850,"updated":1582229874918,"tz":null,"url":"https://earthquake.usgs.gov/earthquakes/eventpage/ci37260452","detail":"https://earthquake.usgs.gov/fdsnws/event/1/query?eventid=ci37260452&format=geojson","felt":null,"cdi":null,"mmi":3.883,"alert":null,"status":"reviewed","tsunami":0,"sig":236,"net":"ci","code":"37260452","ids":",ci37260452,","sources":",ci,","types":",nearby-cities,origin,phase-data,shakemap,","nst":16,"dmin":0.05873,"rms":0.11,"gap":119,"magType":"mlr","type":"earthquake","title":"M 3.9 - 19km NW of Searles Valley, CA"},"geometry":{"type":"Point","coordinates":[-117.5695,35.87,10.81]},"id":"ci37260452"},
{"type":"Feature","properties":{"mag":3.91,"place":"20km E of Little Lake, CA","time":1562383519720,"updated":1565299561040,"tz":null,"url":"https://earthquake.usgs.gov/earthquakes/eventpage/ci37219524","detail":"https://earthquake.usgs.gov/fdsnws/event/1/query?eventid=ci37219524&format=geojson","felt":null,"cdi":null,"mmi":4.192,"alert":null,"status":"reviewed","tsunami":0,"sig":235,"net":"ci","code":"37219524","ids":",ci37219524,us60004xi3,","sources":",ci,us,","types":",nearby-cities,origin,phase-data,shakemap,","nst":11,"dmin":0.05571,"rms":0.07,"gap":113,"magType":"mlr","type":"earthquake","title":"M 3.9 - 20km E of Little Lake, CA"},"geometry":{"type":"Point","coordinates":[-117.6911667,35.903,7.01]},"id":"ci37219524"},
{"type":"Feature","properties":{"mag":4.61,"place":"23km ESE of Little Lake, CA","time":1562383527970,"updated":1569508225040,"tz":null,"url":"https://earthquake.usgs.gov/earthquakes/eventpage/ci37219172","detail":"https://earthquake.usgs.gov/fdsnws/event/1/query?eventid=ci37219172&format=geojson","felt":4,"cdi":3.4,"mmi":6.05,"alert":"green","status":"reviewed","tsunami":0,"sig":328,"net":"ci","code":"37219172","ids":",us70004bpr,ci37219172,","sources":",us,ci,","types":",dyfi,losspager,nearby-cities,origin,phase-data,scitech-link,shakemap,","nst":37,"dmin":0.07456,"rms":0.2,"gap":43,"magType":"mlr","type":"earthquake","title":"M 4.6 - 23km ESE of Little Lake, CA"},"geometry":{"type":"Point","coordinates":[-117.6708333,35.8606667,10.32]},"id":"ci37219172"},
{"type":"Feature","properties":{"mag":3.67,"place":"23km ESE of Little Lake, CA","time":1562383542310,"updated":1582235843483,"tz":null,"url":"https://earthquake.usgs.gov/earthquakes/eventpage/ci37260468","detail":"https://earthquake.usgs.gov/fdsnws/event/1/query?eventid=ci37260468&format=geojson","felt":null,"cdi":null,"mmi":3.863,"alert":null,"status":"reviewed","tsunami":0,"sig":207,"net":"ci","code":"37260468","ids":",ci37260468,","sources":",ci,","types":",nearby-cities,origin,phase-data,shakemap,","nst":8,"dmin":0.07788,"rms":0.04,"gap":169,"magType":"mlr","type":"earthquake","title":"M 3.7 - 23km ESE of Little Lake, CA"},"geometry":{"type":"Point","coordinates":[-117.6655,35.8708333,8.06]},"id":"ci37260468"},
{"type":"Feature","properties":{"mag":3.98,"place":"14km SSW of Searles Valley, CA","time":1562383549560,"updated":1582235935937,"tz":null,"url":"https://earthquake.usgs.gov/earthquakes/eventpage/ci37260460","detail":"https://earthquake.usgs.gov/fdsnws/event/1/query?eventid=ci37260460&format=geojson","felt":null,"cdi":null,"mmi":4.827,"alert":null,"status":"reviewed","tsunami":0,"sig":244,"net":"ci","code":"37260460","ids":",ci37260460,","sources":",ci,","types":",nearby-cities,origin,phase-data,shakemap,","nst":8,"dmin":0.0689,"rms":0.09,"gap":111,"magType":"mlr","type":"earthquake","title":"M 4.0 - 14km SSW of Searles Valley, CA"},"geometry":{"type":"Point","coordinates":[-117.478,35.6543333,1.75]},"id":"ci37260460"},
{"type":"Feature","properties":{"mag":4.02,"place":"23km WNW of Searles Valley, CA","time":1562383564010,"updated":1565302329040,"tz":null,"url":"https://earthquake.usgs.gov/earthquakes/eventpage/ci37219540","detail":"https://earthquake.usgs.gov/fdsnws/event/1/query?eventid=ci37219540&format=geojson","felt":null,"cdi":null,"mmi":4.25,"alert":null,"status":"reviewed","tsunami":0,"sig":249,"net":"ci","code":"37219540","ids":",ci37219540,us60004xj7,","sources":",ci,us,","types":",nearby-cities,origin,phase-data,shakemap,","nst":29,"dmin":0.04245,"rms":0.2,"gap":48,"magType":"mlr","type":"earthquake","title":"M 4.0 - 23km WNW of Searles Valley, CA"},"geometry":{"type":"Point","coordinates":[-117.6451667,35.8331667,8.1]},"id":"ci37219540"},
{"type":"Feature","properties":{"mag":3.76,"place":"17km S of Searles Valley, CA","time":1562383587680,"updated":1582237402967,"tz":null,"url":"https://earthquake.usgs.gov/earthquakes/eventpage/ci37260476","detail":"https://earthquake.usgs.gov/fdsnws/event/1/query?eventid=ci37260476&format=geojson","felt":null,"cdi":null,"mmi":4.069,"alert":null,"status":"reviewed","tsunami":0,"sig":218,"net":"ci","code":"37260476","ids":",ci37260476,","sources":",ci,","types":",nearby-cities,origin,phase-data,shakemap,","nst":6,"dmin":0.03396,"rms":0.09,"gap":166,"magType":"mlr","type":"earthquake","title":"M 3.8 - 17km S of Searles Valley, CA"},"geometry":{"type":"Point","coordinates":[-117.4368333,35.6135,6.11]},"id":"ci37260476"},
{"type":"Feature","properties":{"mag":3.57,"place":"20km ESE of Little Lake, CA","time":1562383600490,"updated":1565302406040,"tz":null,"url":"https://earthquake.usgs.gov/earthquakes/eventpage/ci37219548","detail":"https://earthquake.usgs.gov/fdsnws/event/1/query?eventid=ci37219548&format=geojson","felt":null,"cdi":null,"mmi":3.827,"alert":null,"status":"reviewed","tsunami":0,"sig":196,"net":"ci","code":"37219548","ids":",ci37219548,us60004xj9,","sources":",ci,us,","types":",nearby-cities,origin,phase-data,shakemap,","nst":9,"dmin":0.06035,"rms":0.06,"gap":161,"magType":"mlr","type":"earthquake","title":"M 3.6 - 20km ESE of Little Lake, CA"},"geometry":{"type":"Point","coordinates":[-117.6955,35.8998333,6.89]},"id":"ci37219548"},
{"type":"Feature","properties":{"mag":4.09,"place":"24km ESE of Little Lake, CA","time":1562383611990,"updated":1565302451040,"tz":null,"url":"https://earthquake.usgs.gov/earthquakes/eventpage/ci37219556","detail":"https://earthquake.usgs.gov/fdsnws/event/1/query?eventid=ci37219556&format=geojson","felt":null,"cdi":null,"mmi":4.181,"alert":null,"status":"reviewed","tsunami":0,"sig":257,"net":"ci","code":"37219556","ids":",ci37219556,us60004xjk,","sources":",ci,us,","types":",nearby-cities,origin,phase-data,shakemap,","nst":19,"dmin":0.06028,"rms":0.16,"gap":111,"magType":"mlr","type":"earthquake","title":"M 4.1 - 24km ESE of Little Lake, CA"},"geometry":{"type":"Point","coordinates":[-117.6495,35.8875,10.86]},"id":"ci37219556"},
{"type":"Feature","properties":{"mag":3.84,"place":"17km SSW of Trona, CA","time":1562383624570,"updated":1582239514393,"tz":null,"url":"https://earthquake.usgs.gov/earthquakes/eventpage/ci37260484","detail":"https://earthquake.usgs.gov/fdsnws/event/1/query?eventid=ci37260484&format=geojson","felt":null,"cdi":null,"mmi":4.15,"alert":null,"status":"reviewed","tsunami":0,"sig":227,"net":"ci","code":"37260484","ids":",ci37260484,","sources":",ci,","types":",nearby-cities,origin,phase-data,shakemap,","nst":4,"dmin":0.04348,"rms":0.09,"gap":268,"magType":"mlr","type":"earthquake","title":"M 3.8 - 17km SSW of Trona, CA"},"geometry":{"type":"Point","coordinates":[-117.4176667,35.6105,5.77]},"id":"ci37260484"},
{"type":"Feature","properties":{"mag":4.5,"place":"16km E of Little Lake, CA","time":1562383627010,"updated":1569508230040,"tz":null,"url":"https://earthquake.usgs.gov/earthquakes/eventpage/ci37219180","detail":"https://earthquake.usgs.gov/fdsnws/event/1/query?eventid=ci37219180&format=geojson","felt":1,"cdi":3.8,"mmi":5.72,"alert":"green","status":"reviewed","tsunami":0,"sig":312,"net":"ci","code":"37219180","ids":",us70004btc,ci37219180,","sources":",us,ci,","types":",dyfi,losspager,nearby-cities,origin,phase-data,scitech-link,shakemap,","nst":27,"dmin":0.07004,"rms":0.18,"gap":56,"magType":"mlr","type":"earthquake","title":"M 4.5 - 16km E of Little Lake, CA"},"geometry":{"type":"Point","coordinates":[-117.7258333,35.9138333,8]},"id":"ci37219180"},
{"type":"Feature","properties":{"mag":4.57,"place":"24km ESE of Ridgecrest, CA","time":1562383631370,"updated":1567791131137,"tz":null,"url":"https://earthquake.usgs.gov/earthquakes/eventpage/ci37219564","detail":"https://earthquake.usgs.gov/fdsnws/event/1/query?eventid=ci37219564&format=geojson","felt":null,"cdi":null,"mmi":5.751,"alert":null,"status":"reviewed","tsunami":0,"sig":321,"net":"ci","code":"37219564","ids":",ci37219564,","sources":",ci,","types":",nearby-cities,origin,phase-data,shakemap,","nst":7,"dmin":0.05475,"rms":0.1,"gap":119,"magType":"mlr","type":"earthquake","title":"M 4.6 - 24km ESE of Ridgecrest, CA"},"geometry":{"type":"Point","coordinates":[-117.4313333,35.5303333,3.83]},"id":"ci37219564"},
{"type":"Feature","properties":{"mag":3.91,"place":"24km ESE of Little Lake, CA","time":1562383638420,"updated":1582248449111,"tz":null,"url":"https://earthquake.usgs.gov/earthquakes/eventpage/ci37260492","detail":"https://earthquake.usgs.gov/fdsnws/event/1/query?eventid=ci37260492&format=geojson","felt":null,"cdi":null,"mmi":4.22,"alert":null,"status":"reviewed","tsunami":0,"sig":235,"net":"ci","code":"37260492","ids":",ci37260492,","sources":",ci,","types":",nearby-cities,origin,phase-data,shakemap,","nst":10,"dmin":0.07465,"rms":0.17,"gap":103,"magType":"mlr","type":"earthquake","title":"M 3.9 - 24km ESE of Little Lake, CA"},"geometry":{"type":"Point","coordinates":[-117.6578333,35.8733333,6.73]},"id":"ci37260492"},
{"type":"Feature","properties":{"mag":3.92,"place":"14km SSW of Searles Valley, CA","time":1562383645350,"updated":1582248313696,"tz":null,"url":"https://earthquake.usgs.gov/earthquakes/eventpage/ci37260500","detail":"https://earthquake.usgs.gov/fdsnws/event/1/query?eventid=ci37260500&format=geojson","felt":null,"cdi":null,"mmi":null,"alert":null,"status":"reviewed","tsunami":0,"sig":236,"net":"ci","code":"37260500","ids":",ci37260500,","sources":",ci,","types":",nearby-cities,origin,phase-data,","nst":7,"dmin":0.08083,"rms":0.11,"gap":108,"magType":"mlr","type":"earthquake","title":"M 3.9 - 14km SSW of Searles Valley, CA"},"geometry":{"type":"Point","coordinates":[-117.4866667,35.665,5.51]},"id":"ci37260500"},
{"type":"Feature","properties":{"mag":4.03,"place":"20km ESE of Little Lake, CA","time":1562383656260,"updated":1582309310862,"tz":null,"url":"https://earthquake.usgs.gov/earthquakes/eventpage/ci37219572","detail":"https://earthquake.usgs.gov/fdsnws/event/1/query?eventid=ci37219572&format=geojson","felt":null,"cdi":null,"mmi":4.268,"alert":null,"status":"reviewed","tsunami":0,"sig":250,"net":"ci","code":"37219572","ids":",ci37219572,us60004xkk,","sources":",ci,us,","types":",nearby-cities,origin,phase-data,shakemap,","nst":22,"dmin":0.06971,"rms":0.12,"gap":47,"magType":"mlr","type":"earthquake","title":"M 4.0 - 20km ESE of Little Lake, CA"},"geometry":{"type":"Point","coordinates":[-117.6975,35.8895,7.85]},"id":"ci37219572"},
{"type":"Feature","properties":{"mag":4.09,"place":"16km E of Little Lake, CA","time":1562383680730,"updated":1573839081197,"tz":null,"url":"https://earthquake.usgs.gov/earthquakes/eventpage/ci38457551","detail":"https://earthquake.usgs.gov/fdsnws/event/1/query?eventid=ci38457551&format=geojson","felt":0,"cdi":1,"mmi":5.91,"alert":"green","status":"reviewed","tsunami":0,"sig":257,"net":"ci","code":"38457551","ids":",ci38457551,us70004bnd,us60004xl0,","sources":",ci,us,us,","types":",dyfi,losspager,nearby-cities,origin,phase-data,scitech-link,shakemap,","nst":25,"dmin":0.07572,"rms":0.1,"gap":44,"magType":"mlr","type":"earthquake","title":"M 4.1 - 16km E of Little Lake, CA"},"geometry":{"type":"Point","coordinates":[-117.7316667,35.9106667,8.16]},"id":"ci38457551"},
{"type":"Feature","properties":{"mag":4.09,"place":"24km WNW of Searles Valley, CA","time":1562383692340,"updated":1613762257841,"tz":null,"url":"https://earthquake.usgs.gov/earthquakes/eventpage/ci37219580","detail":"https://earthquake.usgs.gov/fdsnws/event/1/query?eventid=ci37219580&format=geojson","felt":null,"cdi":null,"mmi":4.17,"alert":null,"status":"reviewed","tsunami":0,"sig":257,"net":"ci","code":"37219580","ids":",ci37219580,us60004xl0,","sources":",ci,us,","types":",disassociate,nearby-cities,origin,phase-data,shakemap,","nst":20,"dmin":0.05665,"rms":0.2,"gap":84,"magType":"mlr","type":"earthquake","title":"M 4.1 - 24km WNW of Searles Valley, CA"},"geometry":{"type":"Point","coordinates":[-117.6598333,35.8411667,11.45]},"id":"ci37219580"},
{"type":"Feature","properties":{"mag":3.98,"place":"21km ESE of Little Lake, CA","time":1562383705160,"updated":1565302590040,"tz":null,"url":"https://earthquake.usgs.gov/earthquakes/eventpage/ci37219588","detail":"https://earthquake.usgs.gov/fdsnws/event/1/query?eventid=ci37219588&format=geojson","felt":null,"cdi":null,"mmi":4.688,"alert":null,"status":"reviewed","tsunami":0,"sig":244,"net":"ci","code":"37219588","ids":",ci37219588,us60004xl7,","sources":",ci,us,","types":",nearby-cities,origin,phase-data,shakemap,","nst":17,"dmin":0.0848,"rms":0.13,"gap":100,"magType":"mlr","type":"earthquake","title":"M 4.0 - 21km ESE of Little Lake, CA"},"geometry":{"type":"Point","coordinates":[-117.6906667,35.8695,2.66]},"id":"ci37219588"},
{"type":"Feature","properties":{"mag":4.19,"place":"17km ESE of Little Lake, CA","time":1562383726550,"updated":1663981615959,"tz":null,"url":"https://earthquake.usgs.gov/earthquakes/eventpage/ci38457559","detail":"https://earthquake.usgs.gov/fdsnws/event/1/query?eventid=ci38457559&format=geojson","felt":1,"cdi":0,"mmi":4.788,"alert":"green","status":"reviewed","tsunami":0,"sig":270,"net":"ci","code":"38457559","ids":",ci38457559,us70004bnf,","sources":",ci,us,","types":",dyfi,losspager,nearby-cities,origin,phase-data,scitech-link,shakemap,","nst":32,"dmin":0.07381,"rms":0.18,"gap":39,"magType":"mlr","type":"earthquake","title":"M 4.2 - 17km ESE of Little Lake, CA"},"geometry":{"type":"Point","coordinates":[-117.7221667,35.9025,4.76]},"id":"ci38457559"},
{"type":"Feature","properties":{"mag":4.02,"place":"13km SSW of Searles Valley, CA","time":1562383750290,"updated":1565302632040,"tz":null,"url":"https://earthquake.usgs.gov/earthquakes/eventpage/ci37219596","detail":"https://earthquake.usgs.gov/fdsnws/event/1/query?eventid=ci37219596&format=geojson","felt":null,"cdi":null,"mmi":4.71,"alert":null,"status":"reviewed","tsunami":0,"sig":249,"net":"ci","code":"37219596","ids":",ci37219596,us60004xm5,","sources":",ci,us,","types":",nearby-cities,origin,phase-data,shakemap,","nst":10,"dmin":0.07117,"rms":0.23,"gap":94,"magType":"mlr","type":"earthquake","title":"M 4.0 - 13km SSW of Searles Valley, CA"},"geometry":{"type":"Point","coordinates":[-117.4465,35.6566667,2.23]},"id":"ci37219596"},
{"type":"Feature","properties":{"mag":4.01,"place":"24km ESE of Little Lake, CA","time":1562383755860,"updated":1565303891040,"tz":null,"url":"https://earthquake.usgs.gov/earthquakes/eventpage/ci38457575","detail":"https://earthquake.usgs.gov/fdsnws/event/1/query?eventid=ci38457575&format=geojson","felt":null,"cdi":null,"mmi":3.857,"alert":null,"status":"reviewed","tsunami":0,"sig":247,"net":"ci","code":"38457575","ids":",ci38457575,us60004xlr,","sources":",ci,us,","types":",nearby-cities,origin,phase-data,scitech-link,shakemap,","nst":18,"dmin":0.06701,"rms":0.23,"gap":104,"magType":"mlr","type":"earthquake","title":"M 4.0 - 24km ESE of Little Lake, CA"},"geometry":{"type":"Point","coordinates":[-117.6526667,35.8656667,15.11]},"id":"ci38457575"},
{"type":"Feature","properties":{"mag":4.07,"place":"10km WSW of Searles Valley, CA","time":1562383768840,"updated":1565299197040,"tz":null,"url":"https://earthquake.usgs.gov/earthquakes/eventpage/ci37219604","detail":"https://earthquake.usgs.gov/fdsnws/event/1/query?eventid=ci37219604&format=geojson","felt":null,"cdi":null,"mmi":4.411,"alert":null,"status":"reviewed","tsunami":0,"sig":255,"net":"ci","code":"37219604","ids":",ci37219604,us60004xn2,","sources":",ci,us,","types":",nearby-cities,origin,phase-data,shakemap,","nst":8,"dmin":0.11,"rms":0.19,"gap":167,"magType":"mlr","type":"earthquake","title":"M 4.1 - 10km WSW of Searles Valley, CA"},"geometry":{"type":"Point","coordinates":[-117.5088333,35.7325,7.03]},"id":"ci37219604"},
{"type":"Feature","properties":{"mag":4.51,"place":"18km ESE of Little Lake, CA","time":1562383772080,"updated":1573839467310,"tz":null,"url":"https://earthquake.usgs.gov/earthquakes/eventpage/ci38457583","detail":"https://earthquake.usgs.gov/fdsnws/event/1/query?eventid=ci38457583&format=geojson","felt":2,"cdi":2.7,"mmi":5.9,"alert":"green","status":"reviewed","tsunami":0,"sig":313,"net":"ci","code":"38457583","ids":",ci38457583,us70004dcq,","sources":",ci,us,","types":",dyfi,losspager,nearby-cities,origin,phase-data,scitech-link,shakemap,","nst":27,"dmin":0.06696,"rms":0.15,"gap":42,"magType":"mlr","type":"earthquake","title":"M 4.5 - 18km ESE of Little Lake, CA"},"geometry":{"type":"Point","coordinates":[-117.7115,35.9028333,3.18]},"id":"ci38457583"},
{"type":"Feature","properties":{"mag":3.57,"place":"19km ESE of Little Lake, CA","time":1562383787130,"updated":1582330201184,"tz":null,"url":"https://earthquake.usgs.gov/earthquakes/eventpage/ci37219612","detail":"https://earthquake.usgs.gov/fdsnws/event/1/query?eventid=ci37219612&format=geojson","felt":null,"cdi":null,"mmi":3.768,"alert":null,"status":"reviewed","tsunami":0,"sig":196,"net":"ci","code":"37219612","ids":",ci37219612,us60004xn6,","sources":",ci,us,","types":",nearby-cities,origin,phase-data,shakemap,","nst":9,"dmin":0.06342,"rms":0.09,"gap":112,"magType":"mlr","type":"earthquake","title":"M 3.6 - 19km ESE of Little Lake, CA"},"geometry":{"type":"Point","coordinates":[-117.704,35.9016667,7.8]},"id":"ci37219612"},
{"type":"Feature","properties":{"mag":3.57,"place":"22km ESE of Little Lake, CA","time":1562383790040,"updated":1582319087856,"tz":null,"url":"https://earthquake.usgs.gov/earthquakes/eventpage/ci37260612","detail":"https://earthquake.usgs.gov/fdsnws/event/1/query?eventid=ci37260612&format=geojson","felt":null,"cdi":null,"mmi":3.972,"alert":null,"status":"reviewed","tsunami":0,"sig":196,"net":"ci","code":"37260612","ids":",ci37260612,","sources":",ci,","types":",nearby-cities,origin,phase-data,shakemap,","nst":7,"dmin":0.08135,"rms":0.05,"gap":178,"magType":"ml","type":"earthquake","title":"M 3.6 - 22km ESE of Little Lake, CA"},"geometry":{"type":"Point","coordinates":[-117.6818333,35.8705,5.35]},"id":"ci37260612"},
{"type":"Feature","properties":{"mag":3.56,"place":"19km ESE of Little Lake, CA","time":1562383800710,"updated":1582320127964,"tz":null,"url":"https://earthquake.usgs.gov/earthquakes/eventpage/ci37260620","detail":"https://earthquake.usgs.gov/fdsnws/event/1/query?eventid=ci37260620&format=geojson","felt":null,"cdi":null,"mmi":3.91,"alert":null,"status":"reviewed","tsunami":0,"sig":195,"net":"ci","code":"37260620","ids":",ci37260620,","sources":",ci,","types":",nearby-cities,origin,phase-data,shakemap,","nst":13,"dmin":0.07581,"rms":0.13,"gap":72,"magType":"ml","type":"earthquake","title":"M 3.6 - 19km ESE of Little Lake, CA"},"geometry":{"type":"Point","coordinates":[-117.7018333,35.8845,6.05]},"id":"ci37260620"},
{"type":"Feature","properties":{"mag":4.49,"place":"23km S of Trona, CA","time":1562383825050,"updated":1573839882861,"tz":null,"url":"https://earthquake.usgs.gov/earthquakes/eventpage/ci38457591","detail":"https://earthquake.usgs.gov/fdsnws/event/1/query?eventid=ci38457591&format=geojson","felt":0,"cdi":1,"mmi":5.56,"alert":"green","status":"reviewed","tsunami":0,"sig":310,"net":"ci","code":"38457591","ids":",ci38457591,us70004bnh,","sources":",ci,us,","types":",dyfi,focal-mechanism,losspager,nearby-cities,origin,phase-data,scitech-link,shakemap,","nst":52,"dmin":0.03207,"rms":0.2,"gap":31,"magType":"mlr","type":"earthquake","title":"M 4.5 - 23km S of Trona, CA"},"geometry":{"type":"Point","coordinates":[-117.3581667,35.5566667,8.71]},"id":"ci38457591"},
{"type":"Feature","properties":{"mag":3.53,"place":"18km ESE of Little Lake, CA","time":1562383843010,"updated":1582330938235,"tz":null,"url":"https://earthquake.usgs.gov/earthquakes/eventpage/ci37219620","detail":"https://earthquake.usgs.gov/fdsnws/event/1/query?eventid=ci37219620&format=geojson","felt":null,"cdi":null,"mmi":3.842,"alert":null,"status":"reviewed","tsunami":0,"sig":192,"net":"ci","code":"37219620","ids":",ci37219620,","sources":",ci,","types":",nearby-cities,origin,phase-data,shakemap,","nst":10,"dmin":0.06794,"rms":0.09,"gap":106,"magType":"mlr","type":"earthquake","title":"M 3.5 - 18km ESE of Little Lake, CA"},"geometry":{"type":"Point","coordinates":[-117.7223333,35.8671667,8.26]},"id":"ci37219620"},
{"type":"Feature","properties":{"mag":3.9,"place":"19km E of Little Lake, CA","time":1562383859670,"updated":1565302709040,"tz":null,"url":"https://earthquake.usgs.gov/earthquakes/eventpage/ci37219628","detail":"https://earthquake.usgs.gov/fdsnws/event/1/query?eventid=ci37219628&format=geojson","felt":null,"cdi":null,"mmi":4.075,"alert":null,"status":"reviewed","tsunami":0,"sig":234,"net":"ci","code":"37219628","ids":",ci37219628,us60004xpn,us60004xpu,","sources":",ci,us,us,","types":",nearby-cities,origin,phase-data,shakemap,","nst":20,"dmin":0.05978,"rms":0.09,"gap":85,"magType":"mlr","type":"earthquake","title":"M 3.9 - 19km E of Little Lake, CA"},"geometry":{"type":"Point","coordinates":[-117.704,35.9068333,8.84]},"id":"ci37219628"},
{"type":"Feature","properties":{"mag":3.55,"place":"17km ESE of Little Lake, CA","time":1562383870380,"updated":1613762256385,"tz":null,"url":"https://earthquake.usgs.gov/earthquakes/eventpage/ci37219636","detail":"https://earthquake.usgs.gov/fdsnws/event/1/query?eventid=ci37219636&format=geojson","felt":null,"cdi":null,"mmi":3.534,"alert":null,"status":"reviewed","tsunami":0,"sig":194,"net":"ci","code":"37219636","ids":",ci37219636,us60004y41,us60004xpu,","sources":",ci,us,us,","types":",disassociate,nearby-cities,origin,phase-data,shakemap,","nst":13,"dmin":0.07923,"rms":0.09,"gap":71,"magType":"mlr","type":"earthquake","title":"M 3.6 - 17km ESE of Little Lake, CA"},"geometry":{"type":"Point","coordinates":[-117.7216667,35.8936667,9.39]},"id":"ci37219636"},
{"type":"Feature","properties":{"mag":3.62,"place":"14km SSW of Searles Valley, CA","time":1562383884540,"updated":1613762254935,"tz":null,"url":"https://earthquake.usgs.gov/earthquakes/eventpage/ci37219644","detail":"https://earthquake.usgs.gov/fdsnws/event/1/query?eventid=ci37219644&format=geojson","felt":null,"cdi":null,"mmi":3.986,"alert":null,"status":"reviewed","tsunami":0,"sig":202,"net":"ci","code":"37219644","ids":",ci37219644,us60004y41,","sources":",ci,us,","types":",disassociate,nearby-cities,origin,phase-data,shakemap,","nst":14,"dmin":0.0754,"rms":0.15,"gap":68,"magType":"mlr","type":"earthquake","title":"M 3.6 - 14km SSW of Searles Valley, CA"},"geometry":{"type":"Point","coordinates":[-117.4853333,35.6596667,5.2]},"id":"ci37219644"},
{"type":"Feature","properties":{"mag":3.97,"place":"20km ESE of Little Lake, CA","time":1562383908760,"updated":1565302780040,"tz":null,"url":"https://earthquake.usgs.gov/earthquakes/eventpage/ci37219652","detail":"https://earthquake.usgs.gov/fdsnws/event/1/query?eventid=ci37219652&format=geojson","felt":null,"cdi":null,"mmi":4.192,"alert":null,"status":"reviewed","tsunami":0,"sig":242,"net":"ci","code":"37219652","ids":",ci37219652,us60004y4d,","sources":",ci,us,","types":",nearby-cities,origin,phase-data,shakemap,","nst":20,"dmin":0.07083,"rms":0.09,"gap":47,"magType":"mlr","type":"earthquake","title":"M 4.0 - 20km ESE of Little Lake, CA"},"geometry":{"type":"Point","coordinates":[-117.6978333,35.8883333,8.93]},"id":"ci37219652"},
{"type":"Feature","properties":{"mag":3.86,"place":"18km ESE of Little Lake, CA","time":1562383918270,"updated":1569508198040,"tz":null,"url":"https://earthquake.usgs.gov/earthquakes/eventpage/ci37219660","detail":"https://earthquake.usgs.gov/fdsnws/event/1/query?eventid=ci37219660&format=geojson","felt":null,"cdi":null,"mmi":4.267,"alert":null,"status":"reviewed","tsunami":0,"sig":229,"net":"ci","code":"37219660","ids":",ci37219660,us60004y4l,","sources":",ci,us,","types":",nearby-cities,origin,phase-data,shakemap,","nst":18,"dmin":0.07638,"rms":0.14,"gap":136,"magType":"mlr","type":"earthquake","title":"M 3.9 - 18km ESE of Little Lake, CA"},"geometry":{"type":"Point","coordinates":[-117.7121667,35.8901667,6.29]},"id":"ci37219660"},
{"type":"Feature","properties":{"mag":3.61,"place":"17km ESE of Little Lake, CA","time":1562383945640,"updated":1565302831040,"tz":null,"url":"https://earthquake.usgs.gov/earthquakes/eventpage/ci37219668","detail":"https://earthquake.usgs.gov/fdsnws/event/1/query?eventid=ci37219668&format=geojson","felt":null,"cdi":null,"mmi":3.577,"alert":null,"status":"reviewed","tsunami":0,"sig":200,"net":"ci","code":"37219668","ids":",ci37219668,us60004y4y,","sources":",ci,us,","types":",nearby-cities,origin,phase-data,shakemap,","nst":13,"dmin":0.07914,"rms":0.12,"gap":131,"magType":"mlr","type":"earthquake","title":"M 3.6 - 17km ESE of Little Lake, CA"},"geometry":{"type":"Point","coordinates":[-117.7263333,35.8981667,10.82]},"id":"ci37219668"},
{"type":"Feature","properties":{"mag":3.68,"place":"19km S of Trona, CA","time":1562383949440,"updated":1565304208040,"tz":null,"url":"https://earthquake.usgs.gov/earthquakes/eventpage/ci37219676","detail":"https://earthquake.usgs.gov/fdsnws/event/1/query?eventid=ci37219676&format=geojson","felt":null,"cdi":null,"mmi":3.967,"alert":null,"status":"reviewed","tsunami":0,"sig":208,"net":"ci","code":"37219676","ids":",ci37219676,us60004y53,","sources":",ci,us,","types":",nearby-cities,origin,phase-data,shakemap,","nst":5,"dmin":0.04068,"rms":0.1,"gap":253,"magType":"mlr","type":"earthquake","title":"M 3.7 - 19km S of Trona, CA"},"geometry":{"type":"Point","coordinates":[-117.4145,35.5985,6.69]},"id":"ci37219676"},
{"type":"Feature","properties":{"mag":4.17,"place":"17km ESE of Little Lake, CA","time":1562383966660,"updated":1573840148308,"tz":null,"url":"https://earthquake.usgs.gov/earthquakes/eventpage/ci38457599","detail":"https://earthquake.usgs.gov/fdsnws/event/1/query?eventid=ci38457599&format=geojson","felt":0,"cdi":1,"mmi":4.725,"alert":null,"status":"reviewed","tsunami":0,"sig":268,"net":"ci","code":"38457599","ids":",ci38457599,us70004bnm,","sources":",ci,us,","types":",dyfi,focal-mechanism,nearby-cities,origin,phase-data,scitech-link,shakemap,","nst":23,"dmin":0.08667,"rms":0.2,"gap":52,"magType":"mlr","type":"earthquake","title":"M 4.2 - 17km ESE of Little Lake, CA"},"geometry":{"type":"Point","coordinates":[-117.7303333,35.8903333,6.15]},"id":"ci38457599"},
{"type":"Feature","properties":{"mag":3.9,"place":"18km ESE of Little Lake, CA","time":1562383983660,"updated":1613762253462,"tz":null,"url":"https://earthquake.usgs.gov/earthquakes/eventpage/ci37219684","detail":"https://earthquake.usgs.gov/fdsnws/event/1/query?eventid=ci37219684&format=geojson","felt":null,"cdi":null,"mmi":4.108,"alert":null,"status":"reviewed","tsunami":0,"sig":234,"net":"ci","code":"37219684","ids":",ci37219684,","sources":",ci,","types":",disassociate,nearby-cities,origin,phase-data,shakemap,","nst":15,"dmin":0.07013,"rms":0.12,"gap":72,"magType":"mlr","type":"earthquake","title":"M 3.9 - 18km ESE of Little Lake, CA"},"geometry":{"type":"Point","coordinates":[-117.7163333,35.9025,8.47]},"id":"ci37219684"},
{"type":"Feature","properties":{"mag":4.08,"place":"17km E of Ridgecrest, CA","time":1562384000200,"updated":1626299425733,"tz":null,"url":"https://earthquake.usgs.gov/earthquakes/eventpage/ci37219700","detail":"https://earthquake.usgs.gov/fdsnws/event/1/query?eventid=ci37219700&format=geojson","felt":null,"cdi":null,"mmi":4.173,"alert":null,"status":"reviewed","tsunami":0,"sig":256,"net":"ci","code":"37219700","ids":",us60004y6q,ci37219692,ci37219700,","sources":",us,ci,ci,","types":",associate,nearby-cities,origin,phase-data,shakemap,","nst":19,"dmin":0.04221,"rms":0.2,"gap":68,"magType":"mlr","type":"earthquake","title":"M 4.1 - 17km E of Ridgecrest, CA"},"geometry":{"type":"Point","coordinates":[-117.4861667,35.624,10.99]},"id":"ci37219700"},
{"type":"Feature","properties":{"mag":3.8,"place":"17km ESE of Little Lake, CA","time":1562384019100,"updated":1565302889040,"tz":null,"url":"https://earthquake.usgs.gov/earthquakes/eventpage/ci37219716","detail":"https://earthquake.usgs.gov/fdsnws/event/1/query?eventid=ci37219716&format=geojson","felt":null,"cdi":null,"mmi":3.884,"alert":null,"status":"reviewed","tsunami":0,"sig":222,"net":"ci","code":"37219716","ids":",ci37219716,us60004y8p,","sources":",ci,us,","types":",nearby-cities,origin,phase-data,shakemap,","nst":8,"dmin":0.09093,"rms":0.07,"gap":136,"magType":"mlr","type":"earthquake","title":"M 3.8 - 17km ESE of Little Lake, CA"},"geometry":{"type":"Point","coordinates":[-117.7238333,35.8933333,9.89]},"id":"ci37219716"},
{"type":"Feature","properties":{"mag":4.01,"place":"15km WSW of Searles Valley, CA","time":1562384019450,"updated":1565831759040,"tz":null,"url":"https://earthquake.usgs.gov/earthquakes/eventpage/ci37219708","detail":"https://earthquake.usgs.gov/fdsnws/event/1/query?eventid=ci37219708&format=geojson","felt":null,"cdi":null,"mmi":4.065,"alert":null,"status":"reviewed","tsunami":0,"sig":247,"net":"ci","code":"37219708","ids":",ci37219708,us60004y7b,","sources":",ci,us,","types":",nearby-cities,origin,phase-data,shakemap,","nst":12,"dmin":0.09426,"rms":0.19,"gap":89,"magType":"mlr","type":"earthquake","title":"M 4.0 - 15km WSW of Searles Valley, CA"},"geometry":{"type":"Point","coordinates":[-117.5613333,35.726,11.09]},"id":"ci37219708"},
{"type":"Feature","properties":{"mag":3.51,"place":"20km ESE of Little Lake, CA","time":1562384035940,"updated":1626299685024,"tz":null,"url":"https://earthquake.usgs.gov/earthquakes/eventpage/ci37260828","detail":"https://earthquake.usgs.gov/fdsnws/event/1/query?eventid=ci37260828&format=geojson","felt":null,"cdi":null,"mmi":3.376,"alert":null,"status":"reviewed","tsunami":0,"sig":190,"net":"ci","code":"37260828","ids":",us60004y94,ci37219724,ci37260828,","sources":",us,ci,ci,","types":",associate,nearby-cities,origin,phase-data,shakemap,","nst":10,"dmin":0.08316,"rms":0.09,"gap":73,"magType":"ml","type":"earthquake","title":"M 3.5 - 20km ESE of Little Lake, CA"},"geometry":{"type":"Point","coordinates":[-117.699,35.8723333,11.58]},"id":"ci37260828"},
{"type":"Feature","properties":{"mag":3.63,"place":"17km W of Searles Valley, CA","time":1562384061530,"updated":1613762250631,"tz":null,"url":"https://earthquake.usgs.gov/earthquakes/eventpage/ci37219732","detail":"https://earthquake.usgs.gov/fdsnws/event/1/query?eventid=ci37219732&format=geojson","felt":null,"cdi":null,"mmi":4.359,"alert":null,"status":"reviewed","tsunami":0,"sig":203,"net":"ci","code":"37219732","ids":",ci37219732,","sources":",ci,","types":",disassociate,nearby-cities,origin,phase-data,shakemap,","nst":8,"dmin":0.05013,"rms":0.17,"gap":181,"magType":"mlr","type":"earthquake","title":"M 3.6 - 17km W of Searles Valley, CA"},"geometry":{"type":"Point","coordinates":[-117.5875,35.7661667,1.82]},"id":"ci37219732"},
{"type":"Feature","properties":{"mag":3.74,"place":"23km E of Little Lake, CA","time":1562384082840,"updated":1565302941040,"tz":null,"url":"https://earthquake.usgs.gov/earthquakes/eventpage/ci37219740","detail":"https://earthquake.usgs.gov/fdsnws/event/1/query?eventid=ci37219740&format=geojson","felt":null,"cdi":null,"mmi":3.759,"alert":null,"status":"reviewed","tsunami":0,"sig":215,"net":"ci","code":"37219740","ids":",ci37219740,us60004yb1,","sources":",ci,us,","types":",nearby-cities,origin,phase-data,shakemap,","nst":12,"dmin":0.04236,"rms":0.17,"gap":95,"magType":"mlr","type":"earthquake","title":"M 3.7 - 23km E of Little Lake, CA"},"geometry":{"type":"Point","coordinates":[-117.6573333,35.9058333,9.5]},"id":"ci37219740"},
{"type":"Feature","properties":{"mag":3.52,"place":"20km S of Trona, CA","time":1562384095980,"updated":1613762241370,"tz":null,"url":"https://earthquake.usgs.gov/earthquakes/eventpage/ci37219788","detail":"https://earthquake.usgs.gov/fdsnws/event/1/query?eventid=ci37219788&format=geojson","felt":null,"cdi":null,"mmi":3.315,"alert":null,"status":"reviewed","tsunami":0,"sig":191,"net":"ci","code":"37219788","ids":",ci37219788,us60004yp8,","sources":",ci,us,","types":",disassociate,nearby-cities,origin,phase-data,shakemap,","nst":13,"dmin":0.05414,"rms":0.25,"gap":131,"magType":"mlr","type":"earthquake","title":"M 3.5 - 20km S of Trona, CA"},"geometry":{"type":"Point","coordinates":[-117.3961667,35.5806667,13.22]},"id":"ci37219788"},
{"type":"Feature","properties":{"mag":4.09,"place":"14km SSW of Searles Valley, CA","time":1562384105420,"updated":1663981733678,"tz":null,"url":"https://earthquake.usgs.gov/earthquakes/eventpage/ci38457607","detail":"https://earthquake.usgs.gov/fdsnws/event/1/query?eventid=ci38457607&format=geojson","felt":1,"cdi":0,"mmi":4.981,"alert":null,"status":"reviewed","tsunami":0,"sig":257,"net":"ci","code":"38457607","ids":",ci38457607,us60004yp8,us60004ynz,","sources":",ci,us,us,","types":",dyfi,nearby-cities,origin,phase-data,scitech-link,shakemap,","nst":32,"dmin":0.06563,"rms":0.24,"gap":65,"magType":"mlr","type":"earthquake","title":"M 4.1 - 14km SSW of Searles Valley, CA"},"geometry":{"type":"Point","coordinates":[-117.4668333,35.6521667,1.97]},"id":"ci38457607"},
{"type":"Feature","properties":{"mag":3.67,"place":"14km ENE of Little Lake, CA","time":1562384130660,"updated":1613762239957,"tz":null,"url":"https://earthquake.usgs.gov/earthquakes/eventpage/ci37219796","detail":"https://earthquake.usgs.gov/fdsnws/event/1/query?eventid=ci37219796&format=geojson","felt":null,"cdi":null,"mmi":3.98,"alert":null,"status":"reviewed","tsunami":0,"sig":207,"net":"ci","code":"37219796","ids":",ci37219796,us60004ypc,","sources":",ci,us,","types":",disassociate,nearby-cities,origin,phase-data,shakemap,","nst":15,"dmin":0.04166,"rms":0.07,"gap":110,"magType":"mlr","type":"earthquake","title":"M 3.7 - 14km ENE of Little Lake, CA"},"geometry":{"type":"Point","coordinates":[-117.7576667,35.979,6.52]},"id":"ci37219796"},
{"type":"Feature","properties":{"mag":4.35,"place":"16km ESE of Little Lake, CA","time":1562384176460,"updated":1573840507243,"tz":null,"url":"https://earthquake.usgs.gov/earthquakes/eventpage/ci38457615","detail":"https://earthquake.usgs.gov/fdsnws/event/1/query?eventid=ci38457615&format=geojson","felt":0,"cdi":1,"mmi":3.89,"alert":"green","status":"reviewed","tsunami":0,"sig":291,"net":"ci","code":"38457615","ids":",ci38457615,us70004bnq,","sources":",ci,us,","types":",dyfi,focal-mechanism,losspager,nearby-cities,origin,phase-data,scitech-link,shakemap,","nst":65,"dmin":0.0813,"rms":0.19,"gap":37,"magType":"mlr","type":"earthquake","title":"M 4.4 - 16km ESE of Little Lake, CA"},"geometry":{"type":"Point","coordinates":[-117.7338333,35.9028333,7.27]},"id":"ci38457615"},
{"type":"Feature","properties":{"mag":3.85,"place":"13km ENE of Ridgecrest, CA","time":1562384188480,"updated":1564704277272,"tz":null,"url":"https://earthquake.usgs.gov/earthquakes/eventpage/ci37219812","detail":"https://earthquake.usgs.gov/fdsnws/event/1/query?eventid=ci37219812&format=geojson","felt":null,"cdi":null,"mmi":4.549,"alert":null,"status":"reviewed","tsunami":0,"sig":228,"net":"ci","code":"37219812","ids":",ci37219812,","sources":",ci,","types":",nearby-cities,origin,phase-data,shakemap,","nst":15,"dmin":0.1012,"rms":0.17,"gap":91,"magType":"mlr","type":"earthquake","title":"M 3.9 - 13km ENE of Ridgecrest, CA"},"geometry":{"type":"Point","coordinates":[-117.5445,35.6625,3.18]},"id":"ci37219812"},
{"type":"Feature","properties":{"mag":3.63,"place":"12km WSW of Searles Valley, CA","time":1562384225160,"updated":1569508199040,"tz":null,"url":"https://earthquake.usgs.gov/earthquakes/eventpage/ci37219820","detail":"https://earthquake.usgs.gov/fdsnws/event/1/query?eventid=ci37219820&format=geojson","felt":null,"cdi":null,"mmi":4.22,"alert":null,"status":"reviewed","tsunami":0,"sig":203,"net":"ci","code":"37219820","ids":",ci37219820,us60004yqc,","sources":",ci,us,","types":",nearby-cities,origin,phase-data,shakemap,","nst":21,"dmin":0.1009,"rms":0.14,"gap":68,"magType":"mlr","type":"earthquake","title":"M 3.6 - 12km WSW of Searles Valley, CA"},"geometry":{"type":"Point","coordinates":[-117.5268333,35.7326667,2.63]},"id":"ci37219820"},
{"type":"Feature","properties":{"mag":3.53,"place":"20km ESE of Little Lake, CA","time":1562384245270,"updated":1569508199040,"tz":null,"url":"https://earthquake.usgs.gov/earthquakes/eventpage/ci37219828","detail":"https://earthquake.usgs.gov/fdsnws/event/1/query?eventid=ci37219828&format=geojson","felt":null,"cdi":null,"mmi":3.761,"alert":null,"status":"reviewed","tsunami":0,"sig":192,"net":"ci","code":"37219828","ids":",ci37219828,us60004yqn,","sources":",ci,us,","types":",nearby-cities,origin,phase-data,shakemap,","nst":11,"dmin":0.08644,"rms":0.09,"gap":129,"magType":"mlr","type":"earthquake","title":"M 3.5 - 20km ESE of Little Lake, CA"},"geometry":{"type":"Point","coordinates":[-117.7013333,35.8718333,6.12]},"id":"ci37219828"},
{"type":"Feature","properties":{"mag":3.79,"place":"18km E of Little Lake, CA","time":1562384302930,"updated":1569508199040,"tz":null,"url":"https://earthquake.usgs.gov/earthquakes/eventpage/ci37219836","detail":"https://earthquake.usgs.gov/fdsnws/event/1/query?eventid=ci37219836&format=geojson","felt":null,"cdi":null,"mmi":4.108,"alert":null,"status":"reviewed","tsunami":0,"sig":221,"net":"ci","code":"37219836","ids":",ci37219836,us60004ysz,","sources":",ci,us,","types":",nearby-cities,origin,phase-data,shakemap,","nst":21,"dmin":0.06126,"rms":0.11,"gap":61,"magType":"mlr","type":"earthquake","title":"M 3.8 - 18km E of Little Lake, CA"},"geometry":{"type":"Point","coordinates":[-117.7123333,35.9128333,6.7]},"id":"ci37219836"},
{"type":"Feature","properties":{"mag":3.69,"place":"14km WSW of Searles Valley, CA","time":1562384342720,"updated":1613762238495,"tz":null,"url":"https://earthquake.usgs.gov/earthquakes/eventpage/ci37219844","detail":"https://earthquake.usgs.gov/fdsnws/event/1/query?eventid=ci37219844&format=geojson","felt":null,"cdi":null,"mmi":3.688,"alert":null,"status":"reviewed","tsunami":0,"sig":209,"net":"ci","code":"37219844","ids":",ci37219844,us60004yub,","sources":",ci,us,","types":",disassociate,nearby-cities,origin,phase-data,shakemap,","nst":16,"dmin":0.1057,"rms":0.19,"gap":72,"magType":"mlr","type":"earthquake","title":"M 3.7 - 14km WSW of Searles Valley, CA"},"geometry":{"type":"Point","coordinates":[-117.5515,35.7166667,10.52]},"id":"ci37219844"},
{"type":"Feature","properties":{"mag":3.84,"place":"17km S of Searles Valley, CA","time":1562384354680,"updated":1569508264040,"tz":null,"url":"https://earthquake.usgs.gov/earthquakes/eventpage/ci37421221","detail":"https://earthquake.usgs.gov/fdsnws/event/1/query?eventid=ci37421221&format=geojson","felt":null,"cdi":null,"mmi":4.33,"alert":null,"status":"reviewed","tsunami":0,"sig":227,"net":"ci","code":"37421221","ids":",ci37421221,us70004inx,","sources":",ci,us,","types":",nearby-cities,origin,phase-data,scitech-link,shakemap,","nst":28,"dmin":0.03607,"rms":0.2,"gap":41,"magType":"mlr","type":"earthquake","title":"M 3.8 - 17km S of Searles Valley, CA"},"geometry":{"type":"Point","coordinates":[-117.433,35.6136667,9.8]},"id":"ci37421221"},
{"type":"Feature","properties":{"mag":3.74,"place":"15km ESE of Little Lake, CA","time":1562384374110,"updated":1565303069040,"tz":null,"url":"https://earthquake.usgs.gov/earthquakes/eventpage/ci37421237","detail":"https://earthquake.usgs.gov/fdsnws/event/1/query?eventid=ci37421237&format=geojson","felt":null,"cdi":null,"mmi":4.17,"alert":null,"status":"reviewed","tsunami":0,"sig":215,"net":"ci","code":"37421237","ids":",ci37421237,us70004ipt,","sources":",ci,us,","types":",nearby-cities,origin,phase-data,scitech-link,shakemap,","nst":24,"dmin":0.077,"rms":0.13,"gap":51,"magType":"mlr","type":"earthquake","title":"M 3.7 - 15km ESE of Little Lake, CA"},"geometry":{"type":"Point","coordinates":[-117.7426667,35.9021667,8.81]},"id":"ci37421237"},
{"type":"Feature","properties":{"mag":3.65,"place":"18km E of Little Lake, CA","time":1562384404140,"updated":1569508224040,"tz":null,"url":"https://earthquake.usgs.gov/earthquakes/eventpage/ci38457631","detail":"https://earthquake.usgs.gov/fdsnws/event/1/query?eventid=ci38457631&format=geojson","felt":0,"cdi":1,"mmi":3.977,"alert":null,"status":"reviewed","tsunami":0,"sig":205,"net":"ci","code":"38457631","ids":",ci38457631,us70004bnv,","sources":",ci,us,","types":",dyfi,focal-mechanism,nearby-cities,origin,phase-data,scitech-link,shakemap,","nst":28,"dmin":0.0549,"rms":0.1,"gap":45,"magType":"mlr","type":"earthquake","title":"M 3.7 - 18km E of Little Lake, CA"},"geometry":{"type":"Point","coordinates":[-117.703,35.9133333,7.04]},"id":"ci38457631"},
{"type":"Feature","properties":{"mag":3.98,"place":"17km ESE of Little Lake, CA","time":1562384498650,"updated":1569508224040,"tz":null,"url":"https://earthquake.usgs.gov/earthquakes/eventpage/ci38457639","detail":"https://earthquake.usgs.gov/fdsnws/event/1/query?eventid=ci38457639&format=geojson","felt":0,"cdi":1,"mmi":6.51,"alert":null,"status":"reviewed","tsunami":0,"sig":244,"net":"ci","code":"38457639","ids":",ci38457639,us70004bnx,","sources":",ci,us,","types":",dyfi,nearby-cities,origin,phase-data,scitech-link,shakemap,","nst":38,"dmin":0.08034,"rms":0.18,"gap":37,"magType":"mlr","type":"earthquake","title":"M 4.0 - 17km ESE of Little Lake, CA"},"geometry":{"type":"Point","coordinates":[-117.722,35.8923333,7.87]},"id":"ci38457639"},
{"type":"Feature","properties":{"mag":3.57,"place":"17km ESE of Little Lake, CA","time":1562384529680,"updated":1582740775696,"tz":null,"url":"https://earthquake.usgs.gov/earthquakes/eventpage/ci37261284","detail":"https://earthquake.usgs.gov/fdsnws/event/1/query?eventid=ci37261284&format=geojson","felt":null,"cdi":null,"mmi":3.808,"alert":null,"status":"reviewed","tsunami":0,"sig":196,"net":"ci","code":"37261284","ids":",ci37261284,","sources":",ci,","types":",nearby-cities,origin,phase-data,shakemap,","nst":12,"dmin":0.07225,"rms":0.09,"gap":127,"magType":"ml","type":"earthquake","title":"M 3.6 - 17km ESE of Little Lake, CA"},"geometry":{"type":"Point","coordinates":[-117.73,35.8751667,6.96]},"id":"ci37261284"},
{"type":"Feature","properties":{"mag":3.57,"place":"22km ESE of Little Lake, CA","time":1562384565760,"updated":1613762237090,"tz":null,"url":"https://earthquake.usgs.gov/earthquakes/eventpage/ci37219908","detail":"https://earthquake.usgs.gov/fdsnws/event/1/query?eventid=ci37219908&format=geojson","felt":null,"cdi":null,"mmi":3.998,"alert":null,"status":"reviewed","tsunami":0,"sig":196,"net":"ci","code":"37219908","ids":",ci37219908,us60004yzl,","sources":",ci,us,","types":",disassociate,nearby-cities,origin,phase-data,shakemap,","nst":13,"dmin":0.08638,"rms":0.15,"gap":104,"magType":"ml","type":"earthquake","title":"M 3.6 - 22km ESE of Little Lake, CA"},"geometry":{"type":"Point","coordinates":[-117.6848333,35.866,4.95]},"id":"ci37219908"},
{"type":"Feature","properties":{"mag":3.86,"place":"20km ESE of Little Lake, CA","time":1562384572530,"updated":1569508224040,"tz":null,"url":"https://earthquake.usgs.gov/earthquakes/eventpage/ci38457655","detail":"https://earthquake.usgs.gov/fdsnws/event/1/query?eventid=ci38457655&format=geojson","felt":0,"cdi":1,"mmi":4.206,"alert":null,"status":"reviewed","tsunami":0,"sig":229,"net":"ci","code":"38457655","ids":",ci38457655,us60004yzl,us70004bp1,","sources":",ci,us,us,","types":",dyfi,nearby-cities,origin,phase-data,scitech-link,shakemap,","nst":24,"dmin":0.08123,"rms":0.13,"gap":72,"magType":"mlr","type":"earthquake","title":"M 3.9 - 20km ESE of Little Lake, CA"},"geometry":{"type":"Point","coordinates":[-117.7016667,35.878,4.58]},"id":"ci38457655"},
{"type":"Feature","properties":{"mag":3.85,"place":"20km ESE of Little Lake, CA","time":1562384589040,"updated":1569508199040,"tz":null,"url":"https://earthquake.usgs.gov/earthquakes/eventpage/ci37219900","detail":"https://earthquake.usgs.gov/fdsnws/event/1/query?eventid=ci37219900&format=geojson","felt":null,"cdi":null,"mmi":4.024,"alert":null,"status":"reviewed","tsunami":0,"sig":228,"net":"ci","code":"37219900","ids":",ci37219900,us60004yxt,","sources":",ci,us,","types":",nearby-cities,origin,phase-data,shakemap,","nst":24,"dmin":0.0707,"rms":0.18,"gap":43,"magType":"mlr","type":"earthquake","title":"M 3.9 - 20km ESE of Little Lake, CA"},"geometry":{"type":"Point","coordinates":[-117.6938333,35.8865,9.46]},"id":"ci37219900"},
{"type":"Feature","properties":{"mag":3.86,"place":"16km E of Little Lake, CA","time":1562384641600,"updated":1663981941906,"tz":null,"url":"https://earthquake.usgs.gov/earthquakes/eventpage/ci38457663","detail":"https://earthquake.usgs.gov/fdsnws/event/1/query?eventid=ci38457663&format=geojson","felt":1,"cdi":0,"mmi":5.74,"alert":null,"status":"reviewed","tsunami":0,"sig":229,"net":"ci","code":"38457663","ids":",ci38457663,us70004bp4,","sources":",ci,us,","types":",dyfi,focal-mechanism,nearby-cities,origin,phase-data,scitech-link,shakemap,","nst":24,"dmin":0.0715,"rms":0.21,"gap":51,"magType":"mlr","type":"earthquake","title":"M 3.9 - 16km E of Little Lake, CA"},"geometry":{"type":"Point","coordinates":[-117.7276667,35.9135,6.96]},"id":"ci38457663"},
{"type":"Feature","properties":{"mag":3.6,"place":"17km W of Searles Valley, CA","time":1562384650780,"updated":1582747194973,"tz":null,"url":"https://earthquake.usgs.gov/earthquakes/eventpage/ci37261484","detail":"https://earthquake.usgs.gov/fdsnws/event/1/query?eventid=ci37261484&format=geojson","felt":null,"cdi":null,"mmi":3.541,"alert":null,"status":"reviewed","tsunami":0,"sig":199,"net":"ci","code":"37261484","ids":",ci37261484,","sources":",ci,","types":",nearby-cities,origin,phase-data,shakemap,","nst":8,"dmin":0.03366,"rms":0.07,"gap":85,"magType":"mlr","type":"earthquake","title":"M 3.6 - 17km W of Searles Valley, CA"},"geometry":{"type":"Point","coordinates":[-117.5935,35.7821667,11.22]},"id":"ci37261484"},
{"type":"Feature","properties":{"mag":3.96,"place":"19km E of Little Lake, CA","time":1562384657710,"updated":1582748705809,"tz":null,"url":"https://earthquake.usgs.gov/earthquakes/eventpage/ci37219924","detail":"https://earthquake.usgs.gov/fdsnws/event/1/query?eventid=ci37219924&format=geojson","felt":null,"cdi":null,"mmi":4.392,"alert":null,"status":"reviewed","tsunami":0,"sig":241,"net":"ci","code":"37219924","ids":",ci37219924,us60004z0d,","sources":",ci,us,","types":",nearby-cities,origin,phase-data,shakemap,","nst":32,"dmin":0.055,"rms":0.14,"gap":46,"magType":"mlr","type":"earthquake","title":"M 4.0 - 19km E of Little Lake, CA"},"geometry":{"type":"Point","coordinates":[-117.6941667,35.9058333,6.12]},"id":"ci37219924"},
{"type":"Feature","properties":{"mag":3.52,"place":"12km SW of Searles Valley, CA","time":1562384754830,"updated":1565303271040,"tz":null,"url":"https://earthquake.usgs.gov/earthquakes/eventpage/ci37220276","detail":"https://earthquake.usgs.gov/fdsnws/event/1/query?eventid=ci37220276&format=geojson","felt":null,"cdi":null,"mmi":3.392,"alert":null,"status":"reviewed","tsunami":0,"sig":191,"net":"ci","code":"37220276","ids":",ci37220276,us60004zuh,","sources":",ci,us,","types":",nearby-cities,origin,phase-data,shakemap,","nst":18,"dmin":0.1223,"rms":0.21,"gap":118,"magType":"mlr","type":"earthquake","title":"M 3.5 - 12km SW of Searles Valley, CA"},"geometry":{"type":"Point","coordinates":[-117.5063333,35.7036667,11.11]},"id":"ci37220276"},
{"type":"Feature","properties":{"mag":4.26,"place":"11km SSW of Searles Valley, CA","time":1562384786870,"updated":1663982017364,"tz":null,"url":"https://earthquake.usgs.gov/earthquakes/eventpage/ci38457679","detail":"https://earthquake.usgs.gov/fdsnws/event/1/query?eventid=ci38457679&format=geojson","felt":1,"cdi":0,"mmi":5.101,"alert":null,"status":"reviewed","tsunami":0,"sig":279,"net":"ci","code":"38457679","ids":",ci38457679,us70004bp8,","sources":",ci,us,","types":",dyfi,focal-mechanism,nearby-cities,origin,phase-data,scitech-link,shakemap,","nst":38,"dmin":0.09403,"rms":0.17,"gap":65,"magType":"mlr","type":"earthquake","title":"M 4.3 - 11km SSW of Searles Valley, CA"},"geometry":{"type":"Point","coordinates":[-117.4703333,35.6805,6.85]},"id":"ci38457679"},
{"type":"Feature","properties":{"mag":3.72,"place":"13km SSW of Searles Valley, CA","time":1562384798500,"updated":1565835386040,"tz":null,"url":"https://earthquake.usgs.gov/earthquakes/eventpage/ci37220284","detail":"https://earthquake.usgs.gov/fdsnws/event/1/query?eventid=ci37220284&format=geojson","felt":null,"cdi":null,"mmi":4.382,"alert":null,"status":"reviewed","tsunami":0,"sig":213,"net":"ci","code":"37220284","ids":",ci37220284,us60004zv2,","sources":",ci,us,","types":",nearby-cities,origin,phase-data,shakemap,","nst":11,"dmin":0.07137,"rms":0.21,"gap":141,"magType":"mlr","type":"earthquake","title":"M 3.7 - 13km SSW of Searles Valley, CA"},"geometry":{"type":"Point","coordinates":[-117.45,35.6573333,2.12]},"id":"ci37220284"},
{"type":"Feature","properties":{"mag":3.57,"place":"15km ESE of Little Lake, CA","time":1562384820080,"updated":1565835597040,"tz":null,"url":"https://earthquake.usgs.gov/earthquakes/eventpage/ci37220292","detail":"https://earthquake.usgs.gov/fdsnws/event/1/query?eventid=ci37220292&format=geojson","felt":null,"cdi":null,"mmi":4.244,"alert":null,"status":"reviewed","tsunami":0,"sig":196,"net":"ci","code":"37220292","ids":",ci37220292,us60004zvd,","sources":",ci,us,","types":",nearby-cities,origin,phase-data,shakemap,","nst":13,"dmin":0.07646,"rms":0.11,"gap":153,"magType":"mlr","type":"earthquake","title":"M 3.6 - 15km ESE of Little Lake, CA"},"geometry":{"type":"Point","coordinates":[-117.7436667,35.902,8.46]},"id":"ci37220292"},
{"type":"Feature","properties":{"mag":5.5,"place":"15km ESE of Little Lake, CA","time":1562384873420,"updated":1766427457984,"tz":null,"url":"https://earthquake.usgs.gov/earthquakes/eventpage/ci38457687","detail":"https://earthquake.usgs.gov/fdsnws/event/1/query?eventid=ci38457687&format=geojson","felt":32,"cdi":7.1,"mmi":6.605,"alert":null,"status":"reviewed","tsunami":0,"sig":488,"net":"ci","code":"38457687","ids":",ci38457687,us70004bpa,iscgem616599895,","sources":",ci,us,iscgem,","types":",dyfi,focal-mechanism,moment-tensor,nearby-cities,origin,phase-data,scitech-link,shakemap,","nst":49,"dmin":0.07334,"rms":0.16,"gap":33,"magType":"mw","type":"earthquake","title":"M 5.5 - 15km ESE of Little Lake, CA"},"geometry":{"type":"Point","coordinates":[-117.7495,35.9011667,5.04]},"id":"ci38457687"},
{"type":"Feature","properties":{"mag":3.8,"place":"15km ESE of Little Lake, CA","time":1562384894550,"updated":1582757017763,"tz":null,"url":"https://earthquake.usgs.gov/earthquakes/eventpage/ci37261556","detail":"https://earthquake.usgs.gov/fdsnws/event/1/query?eventid=ci37261556&format=geojson","felt":null,"cdi":null,"mmi":4.029,"alert":null,"status":"reviewed","tsunami":0,"sig":222,"net":"ci","code":"37261556","ids":",ci37261556,","sources":",ci,","types":",nearby-cities,origin,phase-data,shakemap,","nst":8,"dmin":0.07374,"rms":0.1,"gap":139,"magType":"mlr","type":"earthquake","title":"M 3.8 - 15km ESE of Little Lake, CA"},"geometry":{"type":"Point","coordinates":[-117.7486667,35.9013333,7.58]},"id":"ci37261556"},
{"type":"Feature","properties":{"mag":3.98,"place":"20km E of Little Lake, CA","time":1562384904660,"updated":1565303301040,"tz":null,"url":"https://earthquake.usgs.gov/earthquakes/eventpage/ci37220300","detail":"https://earthquake.usgs.gov/fdsnws/event/1/query?eventid=ci37220300&format=geojson","felt":null,"cdi":null,"mmi":5.101,"alert":null,"status":"reviewed","tsunami":0,"sig":244,"net":"ci","code":"37220300","ids":",ci37220300,us60004zws,","sources":",ci,us,","types":",nearby-cities,origin,phase-data,shakemap,","nst":14,"dmin":0.05556,"rms":0.12,"gap":82,"magType":"mlr","type":"earthquake","title":"M 4.0 - 20km E of Little Lake, CA"},"geometry":{"type":"Point","coordinates":[-117.69,35.9025,0.5]},"id":"ci37220300"},
{"type":"Feature","properties":{"mag":3.55,"place":"16km E of Little Lake, CA","time":1562384916260,"updated":1582763130595,"tz":null,"url":"https://earthquake.usgs.gov/earthquakes/eventpage/ci37261564","detail":"https://earthquake.usgs.gov/fdsnws/event/1/query?eventid=ci37261564&format=geojson","felt":null,"cdi":null,"mmi":3.71,"alert":null,"status":"reviewed","tsunami":0,"sig":194,"net":"ci","code":"37261564","ids":",ci37261564,","sources":",ci,","types":",nearby-cities,origin,phase-data,shakemap,","nst":11,"dmin":0.07712,"rms":0.05,"gap":64,"magType":"mlr","type":"earthquake","title":"M 3.6 - 16km E of Little Lake, CA"},"geometry":{"type":"Point","coordinates":[-117.7353333,35.9108333,7.04]},"id":"ci37261564"},
{"type":"Feature","properties":{"mag":3.53,"place":"18km ENE of Little Lake, CA","time":1562384934220,"updated":1582767079569,"tz":null,"url":"https://earthquake.usgs.gov/earthquakes/eventpage/ci37261628","detail":"https://earthquake.usgs.gov/fdsnws/event/1/query?eventid=ci37261628&format=geojson","felt":null,"cdi":null,"mmi":3.485,"alert":null,"status":"reviewed","tsunami":0,"sig":192,"net":"ci","code":"37261628","ids":",ci37261628,","sources":",ci,","types":",nearby-cities,origin,phase-data,shakemap,","nst":4,"dmin":0.04304,"rms":0.08,"gap":177,"magType":"ml","type":"earthquake","title":"M 3.5 - 18km ENE of Little Lake, CA"},"geometry":{"type":"Point","coordinates":[-117.7223333,35.9998333,9.53]},"id":"ci37261628"},
{"type":"Feature","properties":{"mag":3.68,"place":"17km ESE of Little Lake, CA","time":1562384937740,"updated":1582766691454,"tz":null,"url":"https://earthquake.usgs.gov/earthquakes/eventpage/ci37261620","detail":"https://earthquake.usgs.gov/fdsnws/event/1/query?eventid=ci37261620&format=geojson","felt":null,"cdi":null,"mmi":4.04,"alert":null,"status":"reviewed","tsunami":0,"sig":208,"net":"ci","code":"37261620","ids":",ci37261620,","sources":",ci,","types":",nearby-cities,origin,phase-data,shakemap,","nst":10,"dmin":0.0728,"rms":0.08,"gap":127,"magType":"mlr","type":"earthquake","title":"M 3.7 - 17km ESE of Little Lake, CA"},"geometry":{"type":"Point","coordinates":[-117.7236667,35.9058333,6.2]},"id":"ci37261620"},
{"type":"Feature","properties":{"mag":3.78,"place":"23km S of Trona, CA","time":1562384964980,"updated":1569508199040,"tz":null,"url":"https://earthquake.usgs.gov/earthquakes/eventpage/ci37220308","detail":"https://earthquake.usgs.gov/fdsnws/event/1/query?eventid=ci37220308&format=geojson","felt":null,"cdi":null,"mmi":4.409,"alert":null,"status":"reviewed","tsunami":0,"sig":220,"net":"ci","code":"37220308","ids":",ci37220308,us60004zxd,","sources":",ci,us,","types":",nearby-cities,origin,phase-data,shakemap,","nst":10,"dmin":0.03629,"rms":0.11,"gap":150,"magType":"mlr","type":"earthquake","title":"M 3.8 - 23km S of Trona, CA"},"geometry":{"type":"Point","coordinates":[-117.3851667,35.5571667,3.51]},"id":"ci37220308"},
{"type":"Feature","properties":{"mag":3.83,"place":"23km N of Ridgecrest, CA","time":1562384992420,"updated":1569508225040,"tz":null,"url":"https://earthquake.usgs.gov/earthquakes/eventpage/ci38457695","detail":"https://earthquake.usgs.gov/fdsnws/event/1/query?eventid=ci38457695&format=geojson","felt":0,"cdi":1,"mmi":5.89,"alert":null,"status":"reviewed","tsunami":0,"sig":226,"net":"ci","code":"38457695","ids":",ci38457695,us70004bph,","sources":",ci,us,","types":",dyfi,nearby-cities,origin,phase-data,scitech-link,shakemap,","nst":37,"dmin":0.06791,"rms":0.19,"gap":27,"magType":"mlr","type":"earthquake","title":"M 3.8 - 23km N of Ridgecrest, CA"},"geometry":{"type":"Point","coordinates":[-117.6841667,35.8261667,7.08]},"id":"ci38457695"},
{"type":"Feature","properties":{"mag":3.67,"place":"17km SSW of Searles Valley, CA","time":1562385004740,"updated":1582833995557,"tz":null,"url":"https://earthquake.usgs.gov/earthquakes/eventpage/ci37261788","detail":"https://earthquake.usgs.gov/fdsnws/event/1/query?eventid=ci37261788&format=geojson","felt":null,"cdi":null,"mmi":3.875,"alert":null,"status":"reviewed","tsunami":0,"sig":207,"net":"ci","code":"37261788","ids":",ci37261788,","sources":",ci,","types":",nearby-cities,origin,phase-data,shakemap,","nst":8,"dmin":0.03338,"rms":0.07,"gap":119,"magType":"mlr","type":"earthquake","title":"M 3.7 - 17km SSW of Searles Valley, CA"},"geometry":{"type":"Point","coordinates":[-117.4436667,35.6163333,7.26]},"id":"ci37261788"},
{"type":"Feature","properties":{"mag":3.79,"place":"17km ESE of Little Lake, CA","time":1562385011070,"updated":1565303365040,"tz":null,"url":"https://earthquake.usgs.gov/earthquakes/eventpage/ci37421773","detail":"https://earthquake.usgs.gov/fdsnws/event/1/query?eventid=ci37421773&format=geojson","felt":null,"cdi":null,"mmi":null,"alert":null,"status":"reviewed","tsunami":0,"sig":221,"net":"ci","code":"37421773","ids":",ci37421773,us6000521m,","sources":",ci,us,","types":",nearby-cities,origin,phase-data,","nst":27,"dmin":0.07483,"rms":0.14,"gap":58,"magType":"mlr","type":"earthquake","title":"M 3.8 - 17km ESE of Little Lake, CA"},"geometry":{"type":"Point","coordinates":[-117.7248333,35.9036667,6.5]},"id":"ci37421773"},
{"type":"Feature","properties":{"mag":3.79,"place":"15km E of Little Lake, CA","time":1562385049350,"updated":1569508199040,"tz":null,"url":"https://earthquake.usgs.gov/earthquakes/eventpage/ci37220316","detail":"https://earthquake.usgs.gov/fdsnws/event/1/query?eventid=ci37220316&format=geojson","felt":null,"cdi":null,"mmi":3.84,"alert":null,"status":"reviewed","tsunami":0,"sig":221,"net":"ci","code":"37220316","ids":",ci37220316,us60004zzc,","sources":",ci,us,","types":",nearby-cities,origin,phase-data,shakemap,","nst":13,"dmin":0.0749,"rms":0.08,"gap":96,"magType":"mlr","type":"earthquake","title":"M 3.8 - 15km E of Little Lake, CA"},"geometry":{"type":"Point","coordinates":[-117.739,35.9101667,10.71]},"id":"ci37220316"},
{"type":"Feature","properties":{"mag":4.97,"place":"19km E of Little Lake, CA","time":1562385059710,"updated":1573841342473,"tz":null,"url":"https://earthquake.usgs.gov/earthquakes/eventpage/ci38457703","detail":"https://earthquake.usgs.gov/fdsnws/event/1/query?eventid=ci38457703&format=geojson","felt":2,"cdi":2.2,"mmi":4.894,"alert":null,"status":"reviewed","tsunami":0,"sig":380,"net":"ci","code":"38457703","ids":",ci38457703,us70004bpm,","sources":",ci,us,","types":",dyfi,focal-mechanism,nearby-cities,origin,phase-data,scitech-link,shakemap,","nst":43,"dmin":0.05997,"rms":0.17,"gap":38,"magType":"mlr","type":"earthquake","title":"M 5.0 - 19km E of Little Lake, CA"},"geometry":{"type":"Point","coordinates":[-117.7001667,35.9035,8.26]},"id":"ci38457703"},
{"type":"Feature","properties":{"mag":3.76,"place":"21km E of Little Lake, CA","time":1562385080330,"updated":1582841778426,"tz":null,"url":"https://earthquake.usgs.gov/earthquakes/eventpage/ci37261844","detail":"https://earthquake.usgs.gov/fdsnws/event/1/query?eventid=ci37261844&format=geojson","felt":null,"cdi":null,"mmi":3.861,"alert":null,"status":"reviewed","tsunami":0,"sig":218,"net":"ci","code":"37261844","ids":",ci37261844,","sources":",ci,","types":",nearby-cities,origin,phase-data,shakemap,","nst":9,"dmin":0.02199,"rms":0.11,"gap":71,"magType":"mlr","type":"earthquake","title":"M 3.8 - 21km E of Little Lake, CA"},"geometry":{"type":"Point","coordinates":[-117.6741667,35.9373333,9.87]},"id":"ci37261844"},
{"type":"Feature","properties":{"mag":3.57,"place":"19km ESE of Little Lake, CA","time":1562385123730,"updated":1565303397040,"tz":null,"url":"https://earthquake.usgs.gov/earthquakes/eventpage/ci37220596","detail":"https://earthquake.usgs.gov/fdsnws/event/1/query?eventid=ci37220596&format=geojson","felt":null,"cdi":null,"mmi":3.632,"alert":null,"status":"reviewed","tsunami":0,"sig":196,"net":"ci","code":"37220596","ids":",ci37220596,us60005221,","sources":",ci,us,","types":",nearby-cities,origin,phase-data,shakemap,","nst":11,"dmin":0.06089,"rms":0.11,"gap":119,"magType":"ml","type":"earthquake","title":"M 3.6 - 19km ESE of Little Lake, CA"},"geometry":{"type":"Point","coordinates":[-117.6963333,35.8996667,9.69]},"id":"ci37220596"},
{"type":"Feature","properties":{"mag":3.6,"place":"21km S of Trona, CA","time":1562385174840,"updated":1615335561417,"tz":null,"url":"https://earthquake.usgs.gov/earthquakes/eventpage/ci37220612","detail":"https://earthquake.usgs.gov/fdsnws/event/1/query?eventid=ci37220612&format=geojson","felt":null,"cdi":null,"mmi":4.174,"alert":null,"status":"reviewed","tsunami":0,"sig":199,"net":"ci","code":"37220612","ids":",ci37220612,us6000523l,","sources":",ci,us,","types":",associate,focal-mechanism,nearby-cities,origin,phase-data,shakemap,","nst":24,"dmin":0.04575,"rms":0.19,"gap":71,"magType":"mlr","type":"earthquake","title":"M 3.6 - 21km S of Trona, CA"},"geometry":{"type":"Point","coordinates":[-117.4073333,35.5768333,3.6]},"id":"ci37220612"},
{"type":"Feature","properties":{"mag":3.69,"place":"15km E of Little Lake, CA","time":1562385179340,"updated":1613762231031,"tz":null,"url":"https://earthquake.usgs.gov/earthquakes/eventpage/ci37220748","detail":"https://earthquake.usgs.gov/fdsnws/event/1/query?eventid=ci37220748&format=geojson","felt":null,"cdi":null,"mmi":4.034,"alert":null,"status":"reviewed","tsunami":0,"sig":209,"net":"ci","code":"37220748","ids":",ci37220748,","sources":",ci,","types":",disassociate,nearby-cities,origin,phase-data,shakemap,","nst":23,"dmin":0.06563,"rms":0.16,"gap":38,"magType":"ml","type":"earthquake","title":"M 3.7 - 15km E of Little Lake, CA"},"geometry":{"type":"Point","coordinates":[-117.7415,35.9273333,6.24]},"id":"ci37220748"},
{"type":"Feature","properties":{"mag":3.68,"place":"19km ESE of Little Lake, CA","time":1562385220290,"updated":1569508229040,"tz":null,"url":"https://earthquake.usgs.gov/earthquakes/eventpage/ci38457719","detail":"https://earthquake.usgs.gov/fdsnws/event/1/query?eventid=ci38457719&format=geojson","felt":0,"cdi":1,"mmi":4.047,"alert":null,"status":"reviewed","tsunami":0,"sig":208,"net":"ci","code":"38457719","ids":",ci38457719,us70004bt5,","sources":",ci,us,","types":",dyfi,focal-mechanism,nearby-cities,origin,phase-data,scitech-link,shakemap,","nst":26,"dmin":0.07522,"rms":0.11,"gap":47,"magType":"mlr","type":"earthquake","title":"M 3.7 - 19km ESE of Little Lake, CA"},"geometry":{"type":"Point","coordinates":[-117.7106667,35.8696667,5.8]},"id":"ci38457719"},
{"type":"Feature","properties":{"mag":3.67,"place":"21km E of Little Lake, CA","time":1562385237980,"updated":1565283546817,"tz":null,"url":"https://earthquake.usgs.gov/earthquakes/eventpage/ci37221076","detail":"https://earthquake.usgs.gov/fdsnws/event/1/query?eventid=ci37221076&format=geojson","felt":null,"cdi":null,"mmi":3.842,"alert":null,"status":"reviewed","tsunami":0,"sig":207,"net":"ci","code":"37221076","ids":",ci37221076,","sources":",ci,","types":",nearby-cities,origin,phase-data,shakemap,","nst":19,"dmin":0.05161,"rms":0.15,"gap":84,"magType":"ml","type":"earthquake","title":"M 3.7 - 21km E of Little Lake, CA"},"geometry":{"type":"Point","coordinates":[-117.6808333,35.9025,8.09]},"id":"ci37221076"},
{"type":"Feature","properties":{"mag":3.5,"place":"16km W of Searles Valley, CA","time":1562385286840,"updated":1569871217169,"tz":null,"url":"https://earthquake.usgs.gov/earthquakes/eventpage/ci38457727","detail":"https://earthquake.usgs.gov/fdsnws/event/1/query?eventid=ci38457727&format=geojson","felt":0,"cdi":1,"mmi":3.764,"alert":null,"status":"reviewed","tsunami":0,"sig":188,"net":"ci","code":"38457727","ids":",ci38457727,us70004bpy,","sources":",ci,us,","types":",dyfi,focal-mechanism,nearby-cities,origin,phase-data,scitech-link,shakemap,","nst":40,"dmin":0.03694,"rms":0.16,"gap":54,"magType":"mlr","type":"earthquake","title":"M 3.5 - 16km W of Searles Valley, CA"},"geometry":{"type":"Point","coordinates":[-117.5856667,35.78,10.44]},"id":"ci38457727"},
{"type":"Feature","properties":{"mag":4.06,"place":"20km E of Little Lake, CA","time":1562385320020,"updated":1573841671751,"tz":null,"url":"https://earthquake.usgs.gov/earthquakes/eventpage/ci38457735","detail":"https://earthquake.usgs.gov/fdsnws/event/1/query?eventid=ci38457735&format=geojson","felt":0,"cdi":1,"mmi":5.91,"alert":"green","status":"reviewed","tsunami":0,"sig":254,"net":"ci","code":"38457735","ids":",ci38457735,us70004bpq,","sources":",ci,us,","types":",dyfi,focal-mechanism,losspager,nearby-cities,origin,phase-data,scitech-link,shakemap,","nst":42,"dmin":0.05194,"rms":0.16,"gap":37,"magType":"mlr","type":"earthquake","title":"M 4.1 - 20km E of Little Lake, CA"},"geometry":{"type":"Point","coordinates":[-117.6875,35.9055,8.43]},"id":"ci38457735"},
{"type":"Feature","properties":{"mag":3.53,"place":"16km E of Little Lake, CA","time":1562385393520,"updated":1569508200040,"tz":null,"url":"https://earthquake.usgs.gov/earthquakes/eventpage/ci37221108","detail":"https://earthquake.usgs.gov/fdsnws/event/1/query?eventid=ci37221108&format=geojson","felt":null,"cdi":null,"mmi":3.755,"alert":null,"status":"reviewed","tsunami":0,"sig":192,"net":"ci","code":"37221108","ids":",ci37221108,us600052ff,","sources":",ci,us,","types":",nearby-cities,origin,phase-data,shakemap,","nst":26,"dmin":0.0732,"rms":0.12,"gap":48,"magType":"ml","type":"earthquake","title":"M 3.5 - 16km E of Little Lake, CA"},"geometry":{"type":"Point","coordinates":[-117.7361667,35.918,6.52]},"id":"ci37221108"},
{"type":"Feature","properties":{"mag":3.59,"place":"19km ESE of Little Lake, CA","time":1562385457970,"updated":1569508200040,"tz":null,"url":"https://earthquake.usgs.gov/earthquakes/eventpage/ci37221116","detail":"https://earthquake.usgs.gov/fdsnws/event/1/query?eventid=ci37221116&format=geojson","felt":null,"cdi":null,"mmi":4.056,"alert":null,"status":"reviewed","tsunami":0,"sig":198,"net":"ci","code":"37221116","ids":",ci37221116,us600052fi,","sources":",ci,us,","types":",nearby-cities,origin,phase-data,shakemap,","nst":22,"dmin":0.06952,"rms":0.14,"gap":48,"magType":"mlr","type":"earthquake","title":"M 3.6 - 19km ESE of Little Lake, CA"},"geometry":{"type":"Point","coordinates":[-117.6995,35.8908333,4.57]},"id":"ci37221116"},
{"type":"Feature","properties":{"mag":4.31,"place":"23km ESE of Little Lake, CA","time":1562385470900,"updated":1569508225040,"tz":null,"url":"https://earthquake.usgs.gov/earthquakes/eventpage/ci37421229","detail":"https://earthquake.usgs.gov/fdsnws/event/1/query?eventid=ci37421229&format=geojson","felt":null,"cdi":null,"mmi":5.19,"alert":"green","status":"reviewed","tsunami":0,"sig":286,"net":"ci","code":"37421229","ids":",ci37421229,us70004bpw,","sources":",ci,us,","types":",focal-mechanism,losspager,nearby-cities,origin,phase-data,scitech-link,shakemap,","nst":38,"dmin":0.07425,"rms":0.14,"gap":43,"magType":"mlr","type":"earthquake","title":"M 4.3 - 23km ESE of Little Lake, CA"},"geometry":{"type":"Point","coordinates":[-117.6613333,35.869,7.21]},"id":"ci37421229"},
{"type":"Feature","properties":{"mag":3.53,"place":"19km ESE of Little Lake, CA","time":1562385588610,"updated":1569508225040,"tz":null,"url":"https://earthquake.usgs.gov/earthquakes/eventpage/ci38457759","detail":"https://earthquake.usgs.gov/fdsnws/event/1/query?eventid=ci38457759&format=geojson","felt":0,"cdi":1,"mmi":3.894,"alert":null,"status":"reviewed","tsunami":0,"sig":192,"net":"ci","code":"38457759","ids":",ci38457759,us70004bq5,","sources":",ci,us,","types":",dyfi,nearby-cities,origin,phase-data,scitech-link,shakemap,","nst":35,"dmin":0.0782,"rms":0.16,"gap":66,"magType":"mlr","type":"earthquake","title":"M 3.5 - 19km ESE of Little Lake, CA"},"geometry":{"type":"Point","coordinates":[-117.7141667,35.8751667,4.37]},"id":"ci38457759"},
{"type":"Feature","properties":{"mag":3.55,"place":"14km SSW of Searles Valley, CA","time":1562385927720,"updated":1569508200040,"tz":null,"url":"https://earthquake.usgs.gov/earthquakes/eventpage/ci37221404","detail":"https://earthquake.usgs.gov/fdsnws/event/1/query?eventid=ci37221404&format=geojson","felt":null,"cdi":null,"mmi":4.226,"alert":null,"status":"reviewed","tsunami":0,"sig":194,"net":"ci","code":"37221404","ids":",ci37221404,us6000534k,","sources":",ci,us,","types":",nearby-cities,origin,phase-data,shakemap,","nst":18,"dmin":0.07392,"rms":0.16,"gap":87,"magType":"ml","type":"earthquake","title":"M 3.6 - 14km SSW of Searles Valley, CA"},"geometry":{"type":"Point","coordinates":[-117.4866667,35.6578333,1.93]},"id":"ci37221404"},
{"type":"Feature","properties":{"mag":3.9,"place":"18km E of Little Lake, CA","time":1562385949900,"updated":1569508200040,"tz":null,"url":"https://earthquake.usgs.gov/earthquakes/eventpage/ci37221188","detail":"https://earthquake.usgs.gov/fdsnws/event/1/query?eventid=ci37221188&format=geojson","felt":null,"cdi":null,"mmi":4.63,"alert":null,"status":"reviewed","tsunami":0,"sig":234,"net":"ci","code":"37221188","ids":",ci37221188,us6000534n,","sources":",ci,us,","types":",nearby-cities,origin,phase-data,shakemap,","nst":19,"dmin":0.05658,"rms":0.11,"gap":83,"magType":"ml","type":"earthquake","title":"M 3.9 - 18km E of Little Lake, CA"},"geometry":{"type":"Point","coordinates":[-117.7088333,35.917,2.34]},"id":"ci37221188"},
{"type":"Feature","properties":{"mag":3.79,"place":"21km S of Trona, CA","time":1562385974580,"updated":1569508225040,"tz":null,"url":"https://earthquake.usgs.gov/earthquakes/eventpage/ci38457887","detail":"https://earthquake.usgs.gov/fdsnws/event/1/query?eventid=ci38457887&format=geojson","felt":null,"cdi":null,"mmi":4.56,"alert":null,"status":"reviewed","tsunami":0,"sig":221,"net":"ci","code":"38457887","ids":",ci38457887,us70004bqa,","sources":",ci,us,","types":",nearby-cities,origin,phase-data,scitech-link,shakemap,","nst":18,"dmin":0.05347,"rms":0.19,"gap":73,"magType":"mlr","type":"earthquake","title":"M 3.8 - 21km S of Trona, CA"},"geometry":{"type":"Point","coordinates":[-117.3738333,35.578,5.91]},"id":"ci38457887"},
{"type":"Feature","properties":{"mag":4.68,"place":"16km ESE of Ridgecrest, CA","time":1562386024570,"updated":1583187578728,"tz":null,"url":"https://earthquake.usgs.gov/earthquakes/eventpage/ci38457775","detail":"https://earthquake.usgs.gov/fdsnws/event/1/query?eventid=ci38457775&format=geojson","felt":2,"cdi":6.1,"mmi":6.07,"alert":"green","status":"reviewed","tsunami":0,"sig":338,"net":"ci","code":"38457775","ids":",ci38457775,us70004bqg,","sources":",ci,us,","types":",dyfi,focal-mechanism,losspager,nearby-cities,origin,phase-data,scitech-link,shakemap,","nst":90,"dmin":0.05757,"rms":0.23,"gap":24,"magType":"mlr","type":"earthquake","title":"M 4.7 - 16km ESE of Ridgecrest, CA"},"geometry":{"type":"Point","coordinates":[-117.5215,35.5551667,5.5]},"id":"ci38457775"},
{"type":"Feature","properties":{"mag":3.74,"place":"21km ESE of Little Lake, CA","time":1562386035800,"updated":1583190853214,"tz":null,"url":"https://earthquake.usgs.gov/earthquakes/eventpage/ci37263244","detail":"https://earthquake.usgs.gov/fdsnws/event/1/query?eventid=ci37263244&format=geojson","felt":null,"cdi":null,"mmi":4.357,"alert":null,"status":"reviewed","tsunami":0,"sig":215,"net":"ci","code":"37263244","ids":",ci37263244,","sources":",ci,","types":",nearby-cities,origin,phase-data,shakemap,","nst":12,"dmin":0.09051,"rms":0.1,"gap":75,"magType":"mlr","type":"earthquake","title":"M 3.7 - 21km ESE of Little Lake, CA"},"geometry":{"type":"Point","coordinates":[-117.6946667,35.8646667,2.73]},"id":"ci37263244"},
{"type":"Feature","properties":{"mag":3.62,"place":"17km E of Little Lake, CA","time":1562386057930,"updated":1583198405832,"tz":null,"url":"https://earthquake.usgs.gov/earthquakes/eventpage/ci37221428","detail":"https://earthquake.usgs.gov/fdsnws/event/1/query?eventid=ci37221428&format=geojson","felt":null,"cdi":null,"mmi":4.13,"alert":null,"status":"reviewed","tsunami":0,"sig":202,"net":"ci","code":"37221428","ids":",ci37221428,","sources":",ci,","types":",nearby-cities,origin,phase-data,shakemap,","nst":12,"dmin":0.06624,"rms":0.11,"gap":114,"magType":"mlr","type":"earthquake","title":"M 3.6 - 17km E of Little Lake, CA"},"geometry":{"type":"Point","coordinates":[-117.7176667,35.9103333,4.05]},"id":"ci37221428"},
{"type":"Feature","properties":{"mag":3.69,"place":"16km W of Searles Valley, CA","time":1562386249060,"updated":1583262721379,"tz":null,"url":"https://earthquake.usgs.gov/earthquakes/eventpage/ci37221580","detail":"https://earthquake.usgs.gov/fdsnws/event/1/query?eventid=ci37221580&format=geojson","felt":null,"cdi":null,"mmi":3.705,"alert":null,"status":"reviewed","tsunami":0,"sig":209,"net":"ci","code":"37221580","ids":",ci37221580,us6000545t,","sources":",ci,us,","types":",nearby-cities,origin,phase-data,shakemap,","nst":25,"dmin":0.04023,"rms":0.12,"gap":74,"magType":"mlr","type":"earthquake","title":"M 3.7 - 16km W of Searles Valley, CA"},"geometry":{"type":"Point","coordinates":[-117.5806667,35.7778333,10.58]},"id":"ci37221580"},
{"type":"Feature","properties":{"mag":3.57,"place":"19km ESE of Little Lake, CA","time":1562386258090,"updated":1583266036866,"tz":null,"url":"https://earthquake.usgs.gov/earthquakes/eventpage/ci37263324","detail":"https://earthquake.usgs.gov/fdsnws/event/1/query?eventid=ci37263324&format=geojson","felt":null,"cdi":null,"mmi":3.612,"alert":null,"status":"reviewed","tsunami":0,"sig":196,"net":"ci","code":"37263324","ids":",ci37263324,","sources":",ci,","types":",nearby-cities,origin,phase-data,shakemap,","nst":13,"dmin":0.07976,"rms":0.06,"gap":68,"magType":"mlr","type":"earthquake","title":"M 3.6 - 19km ESE of Little Lake, CA"},"geometry":{"type":"Point","coordinates":[-117.7138333,35.8768333,9.75]},"id":"ci37263324"},
{"type":"Feature","properties":{"mag":3.83,"place":"20km ESE of Little Lake, CA","time":1562386262280,"updated":1583264112257,"tz":null,"url":"https://earthquake.usgs.gov/earthquakes/eventpage/ci37221588","detail":"https://earthquake.usgs.gov/fdsnws/event/1/query?eventid=ci37221588&format=geojson","felt":null,"cdi":null,"mmi":4.113,"alert":null,"status":"reviewed","tsunami":0,"sig":226,"net":"ci","code":"37221588","ids":",ci37221588,","sources":",ci,","types":",nearby-cities,origin,phase-data,shakemap,","nst":27,"dmin":0.05885,"rms":0.15,"gap":46,"magType":"mlr","type":"earthquake","title":"M 3.8 - 20km ESE of Little Lake, CA"},"geometry":{"type":"Point","coordinates":[-117.6926667,35.9,6.48]},"id":"ci37221588"},
{"type":"Feature","properties":{"mag":3.86,"place":"14km SSW of Searles Valley, CA","time":1562386333840,"updated":1576018086325,"tz":null,"url":"https://earthquake.usgs.gov/earthquakes/eventpage/ci38457807","detail":"https://earthquake.usgs.gov/fdsnws/event/1/query?eventid=ci38457807&format=geojson","felt":0,"cdi":1,"mmi":5.223,"alert":null,"status":"reviewed","tsunami":0,"sig":229,"net":"ci","code":"38457807","ids":",ci38457807,us70004bqn,","sources":",ci,us,","types":",dyfi,focal-mechanism,nearby-cities,origin,phase-data,scitech-link,shakemap,","nst":24,"dmin":0.07375,"rms":0.14,"gap":88,"magType":"mlr","type":"earthquake","title":"M 3.9 - 14km SSW of Searles Valley, CA"},"geometry":{"type":"Point","coordinates":[-117.4798333,35.659,6.97]},"id":"ci38457807"},
{"type":"Feature","properties":{"mag":3.87,"place":"17km ESE of Little Lake, CA","time":1562386338850,"updated":1565644632401,"tz":null,"url":"https://earthquake.usgs.gov/earthquakes/eventpage/ci37221620","detail":"https://earthquake.usgs.gov/fdsnws/event/1/query?eventid=ci37221620&format=geojson","felt":null,"cdi":null,"mmi":4.047,"alert":null,"status":"reviewed","tsunami":0,"sig":230,"net":"ci","code":"37221620","ids":",ci37221620,","sources":",ci,","types":",nearby-cities,origin,phase-data,shakemap,","nst":13,"dmin":0.08433,"rms":0.19,"gap":188,"magType":"ml","type":"earthquake","title":"M 3.9 - 17km ESE of Little Lake, CA"},"geometry":{"type":"Point","coordinates":[-117.7228333,35.8873333,9.17]},"id":"ci37221620"},
{"type":"Feature","properties":{"mag":3.57,"place":"23km WNW of Searles Valley, CA","time":1562386364170,"updated":1565645435253,"tz":null,"url":"https://earthquake.usgs.gov/earthquakes/eventpage/ci37221628","detail":"https://earthquake.usgs.gov/fdsnws/event/1/query?eventid=ci37221628&format=geojson","felt":null,"cdi":null,"mmi":null,"alert":null,"status":"reviewed","tsunami":0,"sig":196,"net":"ci","code":"37221628","ids":",ci37221628,","sources":",ci,","types":",nearby-cities,origin,phase-data,","nst":20,"dmin":0.0433,"rms":0.13,"gap":96,"magType":"mlr","type":"earthquake","title":"M 3.6 - 23km WNW of Searles Valley, CA"},"geometry":{"type":"Point","coordinates":[-117.6408333,35.841,10.1]},"id":"ci37221628"},
{"type":"Feature","properties":{"mag":3.63,"place":"20km E of Little Lake, CA","time":1562386386130,"updated":1565839870040,"tz":null,"url":"https://earthquake.usgs.gov/earthquakes/eventpage/ci37220324","detail":"https://earthquake.usgs.gov/fdsnws/event/1/query?eventid=ci37220324&format=geojson","felt":null,"cdi":null,"mmi":3.702,"alert":null,"status":"reviewed","tsunami":0,"sig":203,"net":"ci","code":"37220324","ids":",ci37220324,us6000500b,","sources":",ci,us,","types":",nearby-cities,origin,phase-data,shakemap,","nst":11,"dmin":0.04993,"rms":0.05,"gap":72,"magType":"mlr","type":"earthquake","title":"M 3.6 - 20km E of Little Lake, CA"},"geometry":{"type":"Point","coordinates":[-117.6893333,35.9091667,8.39]},"id":"ci37220324"},
{"type":"Feature","properties":{"mag":4.8,"place":"7km SE of Ridgecrest, CA","time":1562386387080,"updated":1573842194307,"tz":null,"url":"https://earthquake.usgs.gov/earthquakes/eventpage/ci38457815","detail":"https://earthquake.usgs.gov/fdsnws/event/1/query?eventid=ci38457815&format=geojson","felt":2,"cdi":2.2,"mmi":5.392,"alert":"green","status":"reviewed","tsunami":0,"sig":355,"net":"ci","code":"38457815","ids":",us70004bqm,ci38457815,","sources":",us,ci,","types":",dyfi,focal-mechanism,losspager,nearby-cities,origin,phase-data,scitech-link,shakemap,","nst":62,"dmin":0.1185,"rms":0.18,"gap":32,"magType":"mlr","type":"earthquake","title":"M 4.8 - 7km SE of Ridgecrest, CA"},"geometry":{"type":"Point","coordinates":[-117.6145,35.5846667,9.73]},"id":"ci38457815"},
{"type":"Feature","properties":{"mag":3.52,"place":"17km ESE of Little Lake, CA","time":1562386410590,"updated":1583269127538,"tz":null,"url":"https://earthquake.usgs.gov/earthquakes/eventpage/ci37263340","detail":"https://earthquake.usgs.gov/fdsnws/event/1/query?eventid=ci37263340&format=geojson","felt":null,"cdi":null,"mmi":3.489,"alert":null,"status":"reviewed","tsunami":0,"sig":191,"net":"ci","code":"37263340","ids":",ci37263340,","sources":",ci,","types":",nearby-cities,origin,phase-data,shakemap,","nst":12,"dmin":0.08411,"rms":0.12,"gap":60,"magType":"mlr","type":"earthquake","title":"M 3.5 - 17km ESE of Little Lake, CA"},"geometry":{"type":"Point","coordinates":[-117.7268333,35.891,10.01]},"id":"ci37263340"},
{"type":"Feature","properties":{"mag":3.84,"place":"18km S of Trona, CA","time":1562386460800,"updated":1569508200040,"tz":null,"url":"https://earthquake.usgs.gov/earthquakes/eventpage/ci37221644","detail":"https://earthquake.usgs.gov/fdsnws/event/1/query?eventid=ci37221644&format=geojson","felt":null,"cdi":null,"mmi":4.089,"alert":null,"status":"reviewed","tsunami":0,"sig":227,"net":"ci","code":"37221644","ids":",ci37221644,us600054be,","sources":",ci,us,","types":",nearby-cities,origin,phase-data,shakemap,","nst":23,"dmin":0.05162,"rms":0.13,"gap":103,"magType":"mlr","type":"earthquake","title":"M 3.8 - 18km S of Trona, CA"},"geometry":{"type":"Point","coordinates":[-117.4026667,35.6041667,6.72]},"id":"ci37221644"},
{"type":"Feature","properties":{"mag":3.74,"place":"12km SW of Searles Valley, CA","time":1562386471370,"updated":1565978013223,"tz":null,"url":"https://earthquake.usgs.gov/earthquakes/eventpage/ci37221708","detail":"https://earthquake.usgs.gov/fdsnws/event/1/query?eventid=ci37221708&format=geojson","felt":null,"cdi":null,"mmi":4.547,"alert":null,"status":"reviewed","tsunami":0,"sig":215,"net":"ci","code":"37221708","ids":",ci37221708,","sources":",ci,","types":",nearby-cities,origin,phase-data,shakemap,","nst":13,"dmin":0.09565,"rms":0.19,"gap":70,"magType":"mlr","type":"earthquake","title":"M 3.7 - 12km SW of Searles Valley, CA"},"geometry":{"type":"Point","coordinates":[-117.4906667,35.6795,0.91]},"id":"ci37221708"},
{"type":"Feature","properties":{"mag":3.52,"place":"23km N of Ridgecrest, CA","time":1562386577230,"updated":1569508226040,"tz":null,"url":"https://earthquake.usgs.gov/earthquakes/eventpage/ci38457831","detail":"https://earthquake.usgs.gov/fdsnws/event/1/query?eventid=ci38457831&format=geojson","felt":0,"cdi":1,"mmi":4.719,"alert":null,"status":"reviewed","tsunami":0,"sig":191,"net":"ci","code":"38457831","ids":",ci38457831,nn00690949,us70004bqt,","sources":",ci,nn,us,","types":",dyfi,focal-mechanism,nearby-cities,origin,phase-data,scitech-link,shakemap,","nst":42,"dmin":0.06081,"rms":0.12,"gap":46,"magType":"ml","type":"earthquake","title":"M 3.5 - 23km N of Ridgecrest, CA"},"geometry":{"type":"Point","coordinates":[-117.6715,35.8248333,8.56]},"id":"ci38457831"},
{"type":"Feature","properties":{"mag":3.58,"place":"23km N of Ridgecrest, CA","time":1562386608800,"updated":1569508200040,"tz":null,"url":"https://earthquake.usgs.gov/earthquakes/eventpage/ci37221884","detail":"https://earthquake.usgs.gov/fdsnws/event/1/query?eventid=ci37221884&format=geojson","felt":null,"cdi":null,"mmi":3.944,"alert":null,"status":"reviewed","tsunami":0,"sig":197,"net":"ci","code":"37221884","ids":",ci37221884,us600054nj,","sources":",ci,us,","types":",nearby-cities,origin,phase-data,shakemap,","nst":23,"dmin":0.05145,"rms":0.27,"gap":47,"magType":"ml","type":"earthquake","title":"M 3.6 - 23km N of Ridgecrest, CA"},"geometry":{"type":"Point","coordinates":[-117.66,35.824,5.81]},"id":"ci37221884"},
{"type":"Feature","properties":{"mag":3.63,"place":"15km SW of Searles Valley, CA","time":1562386716030,"updated":1565733169789,"tz":null,"url":"https://earthquake.usgs.gov/earthquakes/eventpage/ci37221916","detail":"https://earthquake.usgs.gov/fdsnws/event/1/query?eventid=ci37221916&format=geojson","felt":null,"cdi":null,"mmi":3.698,"alert":null,"status":"reviewed","tsunami":0,"sig":203,"net":"ci","code":"37221916","ids":",ci37221916,","sources":",ci,","types":",nearby-cities,origin,phase-data,shakemap,","nst":22,"dmin":0.1238,"rms":0.13,"gap":76,"magType":"ml","type":"earthquake","title":"M 3.6 - 15km SW of Searles Valley, CA"},"geometry":{"type":"Point","coordinates":[-117.5381667,35.694,8.39]},"id":"ci37221916"},
{"type":"Feature","properties":{"mag":5.44,"place":"20km E of Little Lake, CA","time":1562386735790,"updated":1766427274556,"tz":null,"url":"https://earthquake.usgs.gov/earthquakes/eventpage/ci38457847","detail":"https://earthquake.usgs.gov/fdsnws/event/1/query?eventid=ci38457847&format=geojson","felt":33,"cdi":5.4,"mmi":7.1,"alert":"green","status":"reviewed","tsunami":0,"sig":473,"net":"ci","code":"38457847","ids":",us70004bqv,ci38457847,iscgem616203759,","sources":",us,ci,iscgem,","types":",dyfi,focal-mechanism,ground-failure,losspager,moment-tensor,nearby-cities,origin,phase-data,scitech-link,shakemap,","nst":66,"dmin":0.07213,"rms":0.17,"gap":37,"magType":"mw","type":"earthquake","title":"M 5.4 - 20km E of Little Lake, CA"},"geometry":{"type":"Point","coordinates":[-117.6848333,35.9101667,7.41]},"id":"ci38457847"},
{"type":"Feature","properties":{"mag":4.29,"place":"19km NNE of Ridgecrest, CA","time":1562386755480,"updated":1583280500747,"tz":null,"url":"https://earthquake.usgs.gov/earthquakes/eventpage/ci37221932","detail":"https://earthquake.usgs.gov/fdsnws/event/1/query?eventid=ci37221932&format=geojson","felt":null,"cdi":null,"mmi":4.489,"alert":null,"status":"reviewed","tsunami":0,"sig":283,"net":"ci","code":"37221932","ids":",ci37221932,","sources":",ci,","types":",nearby-cities,origin,phase-data,shakemap,","nst":17,"dmin":0.03471,"rms":0.1,"gap":115,"magType":"mlr","type":"earthquake","title":"M 4.3 - 19km NNE of Ridgecrest, CA"},"geometry":{"type":"Point","coordinates":[-117.6175,35.785,10.63]},"id":"ci37221932"},
{"type":"Feature","properties":{"mag":3.83,"place":"18km ESE of Little Lake, CA","time":1562386794940,"updated":1573842860909,"tz":null,"url":"https://earthquake.usgs.gov/earthquakes/eventpage/ci38457855","detail":"https://earthquake.usgs.gov/fdsnws/event/1/query?eventid=ci38457855&format=geojson","felt":1,"cdi":4.1,"mmi":6.09,"alert":"green","status":"reviewed","tsunami":0,"sig":226,"net":"ci","code":"38457855","ids":",ci38457855,us70004bv1,","sources":",ci,us,","types":",dyfi,losspager,nearby-cities,origin,phase-data,scitech-link,shakemap,","nst":19,"dmin":0.08562,"rms":0.11,"gap":128,"magType":"mlr","type":"earthquake","title":"M 3.8 - 18km ESE of Little Lake, CA"},"geometry":{"type":"Point","coordinates":[-117.717,35.885,4.9]},"id":"ci38457855"},
{"type":"Feature","properties":{"mag":4.01,"place":"20km S of Trona, CA","time":1562386796010,"updated":1585982996468,"tz":null,"url":"https://earthquake.usgs.gov/earthquakes/eventpage/ci38457863","detail":"https://earthquake.usgs.gov/fdsnws/event/1/query?eventid=ci38457863&format=geojson","felt":1,"cdi":3.1,"mmi":4.381,"alert":null,"status":"reviewed","tsunami":0,"sig":248,"net":"ci","code":"38457863","ids":",ci38457863,","sources":",ci,","types":",dyfi,nearby-cities,origin,phase-data,scitech-link,shakemap,","nst":7,"dmin":0.04764,"rms":0.08,"gap":201,"magType":"mlr","type":"earthquake","title":"M 4.0 - 20km S of Trona, CA"},"geometry":{"type":"Point","coordinates":[-117.4041667,35.5808333,5.18]},"id":"ci38457863"},
{"type":"Feature","properties":{"mag":3.53,"place":"18km ESE of Little Lake, CA","time":1562386806180,"updated":1583351389934,"tz":null,"url":"https://earthquake.usgs.gov/earthquakes/eventpage/ci37263396","detail":"https://earthquake.usgs.gov/fdsnws/event/1/query?eventid=ci37263396&format=geojson","felt":null,"cdi":null,"mmi":3.485,"alert":null,"status":"reviewed","tsunami":0,"sig":192,"net":"ci","code":"37263396","ids":",ci37263396,","sources":",ci,","types":",nearby-cities,origin,phase-data,shakemap,","nst":8,"dmin":0.09556,"rms":0.08,"gap":85,"magType":"ml","type":"earthquake","title":"M 3.5 - 18km ESE of Little Lake, CA"},"geometry":{"type":"Point","coordinates":[-117.71,35.8981667,10.24]},"id":"ci37263396"},
{"type":"Feature","properties":{"mag":3.68,"place":"18km E of Little Lake, CA","time":1562386828200,"updated":1565804122960,"tz":null,"url":"https://earthquake.usgs.gov/earthquakes/eventpage/ci37221940","detail":"https://earthquake.usgs.gov/fdsnws/event/1/query?eventid=ci37221940&format=geojson","felt":null,"cdi":null,"mmi":4.36,"alert":null,"status":"reviewed","tsunami":0,"sig":208,"net":"ci","code":"37221940","ids":",ci37221940,","sources":",ci,","types":",nearby-cities,origin,phase-data,shakemap,","nst":11,"dmin":0.08764,"rms":0.2,"gap":120,"magType":"ml","type":"earthquake","title":"M 3.7 - 18km E of Little Lake, CA"},"geometry":{"type":"Point","coordinates":[-117.7088333,35.9246667,2.76]},"id":"ci37221940"},
{"type":"Feature","properties":{"mag":3.6,"place":"20km ESE of Little Lake, CA","time":1562386846910,"updated":1565741905516,"tz":null,"url":"https://earthquake.usgs.gov/earthquakes/eventpage/ci37221948","detail":"https://earthquake.usgs.gov/fdsnws/event/1/query?eventid=ci37221948&format=geojson","felt":null,"cdi":null,"mmi":4.187,"alert":null,"status":"reviewed","tsunami":0,"sig":199,"net":"ci","code":"37221948","ids":",ci37221948,","sources":",ci,","types":",nearby-cities,origin,phase-data,shakemap,","nst":9,"dmin":0.08354,"rms":0.1,"gap":96,"magType":"ml","type":"earthquake","title":"M 3.6 - 20km ESE of Little Lake, CA"},"geometry":{"type":"Point","coordinates":[-117.7,35.8735,3.16]},"id":"ci37221948"},
{"type":"Feature","properties":{"mag":3.53,"place":"20km NNE of Ridgecrest, CA","time":1562386860220,"updated":1583358216324,"tz":null,"url":"https://earthquake.usgs.gov/earthquakes/eventpage/ci37263500","detail":"https://earthquake.usgs.gov/fdsnws/event/1/query?eventid=ci37263500&format=geojson","felt":null,"cdi":null,"mmi":3.625,"alert":null,"status":"reviewed","tsunami":0,"sig":192,"net":"ci","code":"37263500","ids":",ci37263500,","sources":",ci,","types":",nearby-cities,origin,phase-data,shakemap,","nst":24,"dmin":0.02862,"rms":0.09,"gap":76,"magType":"ml","type":"earthquake","title":"M 3.5 - 20km NNE of Ridgecrest, CA"},"geometry":{"type":"Point","coordinates":[-117.6243333,35.7971667,8.47]},"id":"ci37263500"},
{"type":"Feature","properties":{"mag":4.17,"place":"18km NNE of Ridgecrest, CA","time":1562386895820,"updated":1569508199040,"tz":null,"url":"https://earthquake.usgs.gov/earthquakes/eventpage/ci38457871","detail":"https://earthquake.usgs.gov/fdsnws/event/1/query?eventid=ci38457871&format=geojson","felt":null,"cdi":null,"mmi":null,"alert":null,"status":"reviewed","tsunami":0,"sig":268,"net":"ci","code":"38457871","ids":",ci38457871,us60005102,","sources":",ci,us,","types":",focal-mechanism,nearby-cities,origin,phase-data,scitech-link,","nst":41,"dmin":0.03887,"rms":0.17,"gap":53,"magType":"mlr","type":"earthquake","title":"M 4.2 - 18km NNE of Ridgecrest, CA"},"geometry":{"type":"Point","coordinates":[-117.6121667,35.7786667,2.59]},"id":"ci38457871"},
{"type":"Feature","properties":{"mag":3.62,"place":"15km WSW of Searles Valley, CA","time":1562386913760,"updated":1565801330040,"tz":null,"url":"https://earthquake.usgs.gov/earthquakes/eventpage/ci37222028","detail":"https://earthquake.usgs.gov/fdsnws/event/1/query?eventid=ci37222028&format=geojson","felt":null,"cdi":null,"mmi":3.817,"alert":null,"status":"reviewed","tsunami":0,"sig":202,"net":"ci","code":"37222028","ids":",ci37222028,","sources":",ci,","types":",nearby-cities,origin,phase-data,shakemap,","nst":20,"dmin":0.1048,"rms":0.15,"gap":89,"magType":"ml","type":"earthquake","title":"M 3.6 - 15km WSW of Searles Valley, CA"},"geometry":{"type":"Point","coordinates":[-117.5548333,35.7166667,6.81]},"id":"ci37222028"},
{"type":"Feature","properties":{"mag":3.64,"place":"21km ESE of Little Lake, CA","time":1562386936200,"updated":1569508200040,"tz":null,"url":"https://earthquake.usgs.gov/earthquakes/eventpage/ci37222036","detail":"https://earthquake.usgs.gov/fdsnws/event/1/query?eventid=ci37222036&format=geojson","felt":null,"cdi":null,"mmi":3.756,"alert":null,"status":"reviewed","tsunami":0,"sig":204,"net":"ci","code":"37222036","ids":",ci37222036,us60005512,","sources":",ci,us,","types":",nearby-cities,origin,phase-data,shakemap,","nst":26,"dmin":0.07965,"rms":0.1,"gap":47,"magType":"ml","type":"earthquake","title":"M 3.6 - 21km ESE of Little Lake, CA"},"geometry":{"type":"Point","coordinates":[-117.6911667,35.8611667,7.72]},"id":"ci37222036"},
{"type":"Feature","properties":{"mag":3.65,"place":"19km ESE of Little Lake, CA","time":1562387080670,"updated":1569508227040,"tz":null,"url":"https://earthquake.usgs.gov/earthquakes/eventpage/ci38457895","detail":"https://earthquake.usgs.gov/fdsnws/event/1/query?eventid=ci38457895&format=geojson","felt":0,"cdi":1,"mmi":4.002,"alert":null,"status":"reviewed","tsunami":0,"sig":205,"net":"ci","code":"38457895","ids":",ci38457895,us70004br8,","sources":",ci,us,","types":",dyfi,focal-mechanism,nearby-cities,origin,phase-data,scitech-link,shakemap,","nst":34,"dmin":0.08799,"rms":0.11,"gap":45,"magType":"mlr","type":"earthquake","title":"M 3.7 - 19km ESE of Little Lake, CA"},"geometry":{"type":"Point","coordinates":[-117.6995,35.8976667,7.41]},"id":"ci38457895"},
{"type":"Feature","properties":{"mag":3.67,"place":"13km ENE of Ridgecrest, CA","time":1562387083320,"updated":1565814146598,"tz":null,"url":"https://earthquake.usgs.gov/earthquakes/eventpage/ci37222092","detail":"https://earthquake.usgs.gov/fdsnws/event/1/query?eventid=ci37222092&format=geojson","felt":null,"cdi":null,"mmi":3.863,"alert":null,"status":"reviewed","tsunami":0,"sig":207,"net":"ci","code":"37222092","ids":",ci37222092,","sources":",ci,","types":",nearby-cities,origin,phase-data,shakemap,","nst":18,"dmin":0.1125,"rms":0.19,"gap":58,"magType":"ml","type":"earthquake","title":"M 3.7 - 13km ENE of Ridgecrest, CA"},"geometry":{"type":"Point","coordinates":[-117.549,35.6741667,7.96]},"id":"ci37222092"},
{"type":"Feature","properties":{"mag":3.59,"place":"18km ESE of Little Lake, CA","time":1562387230340,"updated":1569871246137,"tz":null,"url":"https://earthquake.usgs.gov/earthquakes/eventpage/ci38457903","detail":"https://earthquake.usgs.gov/fdsnws/event/1/query?eventid=ci38457903&format=geojson","felt":0,"cdi":1,"mmi":3.518,"alert":null,"status":"reviewed","tsunami":0,"sig":198,"net":"ci","code":"38457903","ids":",ci38457903,us70004brb,","sources":",ci,us,","types":",dyfi,focal-mechanism,nearby-cities,origin,phase-data,scitech-link,shakemap,","nst":42,"dmin":0.08898,"rms":0.14,"gap":38,"magType":"mlr","type":"earthquake","title":"M 3.6 - 18km ESE of Little Lake, CA"},"geometry":{"type":"Point","coordinates":[-117.7131667,35.8871667,5.98]},"id":"ci38457903"},
{"type":"Feature","properties":{"mag":3.51,"place":"17km ESE of Little Lake, CA","time":1562387289260,"updated":1569508200040,"tz":null,"url":"https://earthquake.usgs.gov/earthquakes/eventpage/ci37222156","detail":"https://earthquake.usgs.gov/fdsnws/event/1/query?eventid=ci37222156&format=geojson","felt":null,"cdi":null,"mmi":4.143,"alert":null,"status":"reviewed","tsunami":0,"sig":190,"net":"ci","code":"37222156","ids":",ci37222156,us6000558k,","sources":",ci,us,","types":",nearby-cities,origin,phase-data,shakemap,","nst":37,"dmin":0.0799,"rms":0.1,"gap":34,"magType":"ml","type":"earthquake","title":"M 3.5 - 17km ESE of Little Lake, CA"},"geometry":{"type":"Point","coordinates":[-117.7261667,35.8821667,3.78]},"id":"ci37222156"},
{"type":"Feature","properties":{"mag":3.6,"place":"20km NNE of Ridgecrest, CA","time":1562387342200,"updated":1583431366530,"tz":null,"url":"https://earthquake.usgs.gov/earthquakes/eventpage/ci38457911","detail":"https://earthquake.usgs.gov/fdsnws/event/1/query?eventid=ci38457911&format=geojson","felt":0,"cdi":1,"mmi":4.014,"alert":null,"status":"reviewed","tsunami":0,"sig":199,"net":"ci","code":"38457911","ids":",ci38457911,us70004brg,","sources":",ci,us,","types":",dyfi,nearby-cities,origin,phase-data,scitech-link,shakemap,","nst":39,"dmin":0.03368,"rms":0.16,"gap":54,"magType":"mlr","type":"earthquake","title":"M 3.6 - 20km NNE of Ridgecrest, CA"},"geometry":{"type":"Point","coordinates":[-117.6306667,35.7955,2.82]},"id":"ci38457911"},
{"type":"Feature","properties":{"mag":3.54,"place":"24km N of Ridgecrest, CA","time":1562387465250,"updated":1569508227040,"tz":null,"url":"https://earthquake.usgs.gov/earthquakes/eventpage/ci38457927","detail":"https://earthquake.usgs.gov/fdsnws/event/1/query?eventid=ci38457927&format=geojson","felt":0,"cdi":1,"mmi":5.54,"alert":null,"status":"reviewed","tsunami":0,"sig":193,"net":"ci","code":"38457927","ids":",ci38457927,nn00690970,us70004brk,","sources":",ci,nn,us,","types":",dyfi,focal-mechanism,nearby-cities,origin,phase-data,scitech-link,shakemap,","nst":37,"dmin":0.05674,"rms":0.15,"gap":36,"magType":"ml","type":"earthquake","title":"M 3.5 - 24km N of Ridgecrest, CA"},"geometry":{"type":"Point","coordinates":[-117.6601667,35.8408333,4.81]},"id":"ci38457927"},
{"type":"Feature","properties":{"mag":3.75,"place":"22km S of Trona, CA","time":1562387479460,"updated":1613762228187,"tz":null,"url":"https://earthquake.usgs.gov/earthquakes/eventpage/ci37224756","detail":"https://earthquake.usgs.gov/fdsnws/event/1/query?eventid=ci37224756&format=geojson","felt":null,"cdi":null,"mmi":4.419,"alert":null,"status":"reviewed","tsunami":0,"sig":216,"net":"ci","code":"37224756","ids":",us70005cyv,ci37224756,","sources":",us,ci,","types":",disassociate,nearby-cities,origin,phase-data,shakemap,","nst":27,"dmin":0.04798,"rms":0.18,"gap":102,"magType":"mlr","type":"earthquake","title":"M 3.8 - 22km S of Trona, CA"},"geometry":{"type":"Point","coordinates":[-117.3958333,35.5656667,3.36]},"id":"ci37224756"},
{"type":"Feature","properties":{"mag":3.61,"place":"23km N of Ridgecrest, CA","time":1562387630060,"updated":1569508274040,"tz":null,"url":"https://earthquake.usgs.gov/earthquakes/eventpage/ci37224772","detail":"https://earthquake.usgs.gov/fdsnws/event/1/query?eventid=ci37224772&format=geojson","felt":null,"cdi":null,"mmi":4.233,"alert":null,"status":"reviewed","tsunami":0,"sig":200,"net":"ci","code":"37224772","ids":",ci37224772,us70005d0w,","sources":",ci,us,","types":",nearby-cities,origin,phase-data,shakemap,","nst":32,"dmin":0.05433,"rms":0.18,"gap":47,"magType":"mlr","type":"earthquake","title":"M 3.6 - 23km N of Ridgecrest, CA"},"geometry":{"type":"Point","coordinates":[-117.6625,35.8285,2.97]},"id":"ci37224772"},
{"type":"Feature","properties":{"mag":3.53,"place":"16km ESE of Little Lake, CA","time":1562387651150,"updated":1583437962614,"tz":null,"url":"https://earthquake.usgs.gov/earthquakes/eventpage/ci37224780","detail":"https://earthquake.usgs.gov/fdsnws/event/1/query?eventid=ci37224780&format=geojson","felt":null,"cdi":null,"mmi":3.632,"alert":null,"status":"reviewed","tsunami":0,"sig":192,"net":"ci","code":"37224780","ids":",ci37224780,","sources":",ci,","types":",nearby-cities,origin,phase-data,shakemap,","nst":22,"dmin":0.08234,"rms":0.11,"gap":113,"magType":"ml","type":"earthquake","title":"M 3.5 - 16km ESE of Little Lake, CA"},"geometry":{"type":"Point","coordinates":[-117.7398333,35.8965,7.81]},"id":"ci37224780"},
{"type":"Feature","properties":{"mag":3.8,"place":"20km ESE of Little Lake, CA","time":1562387810230,"updated":1569508274040,"tz":null,"url":"https://earthquake.usgs.gov/earthquakes/eventpage/ci37224932","detail":"https://earthquake.usgs.gov/fdsnws/event/1/query?eventid=ci37224932&format=geojson","felt":null,"cdi":null,"mmi":4.467,"alert":null,"status":"reviewed","tsunami":0,"sig":222,"net":"ci","code":"37224932","ids":",ci37224932,us70005drx,","sources":",ci,us,","types":",nearby-cities,origin,phase-data,shakemap,","nst":29,"dmin":0.07652,"rms":0.11,"gap":34,"magType":"mlr","type":"earthquake","title":"M 3.8 - 20km ESE of Little Lake, CA"},"geometry":{"type":"Point","coordinates":[-117.7066667,35.8688333,2.76]},"id":"ci37224932"},
{"type":"Feature","properties":{"mag":4.85,"place":"16km ESE of Little Lake, CA","time":1562387815310,"updated":1583442031509,"tz":null,"url":"https://earthquake.usgs.gov/earthquakes/eventpage/ci38457967","detail":"https://earthquake.usgs.gov/fdsnws/event/1/query?eventid=ci38457967&format=geojson","felt":1,"cdi":4.1,"mmi":6.57,"alert":"green","status":"reviewed","tsunami":0,"sig":362,"net":"ci","code":"38457967","ids":",us70004bs9,ci38457967,","sources":",us,ci,","types":",dyfi,focal-mechanism,losspager,nearby-cities,origin,phase-data,scitech-link,shakemap,","nst":62,"dmin":0.08153,"rms":0.17,"gap":35,"magType":"mw","type":"earthquake","title":"M 4.9 - 16km ESE of Little Lake, CA"},"geometry":{"type":"Point","coordinates":[-117.7376667,35.9,1.9]},"id":"ci38457967"},
{"type":"Feature","properties":{"mag":4.33,"place":"15km ESE of Little Lake, CA","time":1562387833570,"updated":1568057450611,"tz":null,"url":"https://earthquake.usgs.gov/earthquakes/eventpage/ci37224964","detail":"https://earthquake.usgs.gov/fdsnws/event/1/query?eventid=ci37224964&format=geojson","felt":null,"cdi":null,"mmi":null,"alert":null,"status":"reviewed","tsunami":0,"sig":288,"net":"ci","code":"37224964","ids":",ci37224964,","sources":",ci,","types":",nearby-cities,origin,phase-data,","nst":24,"dmin":0.07067,"rms":0.11,"gap":48,"magType":"mlr","type":"earthquake","title":"M 4.3 - 15km ESE of Little Lake, CA"},"geometry":{"type":"Point","coordinates":[-117.7453333,35.91,8.01]},"id":"ci37224964"},
{"type":"Feature","properties":{"mag":3.59,"place":"15km S of Searles Valley, CA","time":1562387888610,"updated":1583445251681,"tz":null,"url":"https://earthquake.usgs.gov/earthquakes/eventpage/ci37263724","detail":"https://earthquake.usgs.gov/fdsnws/event/1/query?eventid=ci37263724&format=geojson","felt":null,"cdi":null,"mmi":3.83,"alert":null,"status":"reviewed","tsunami":0,"sig":198,"net":"ci","code":"37263724","ids":",ci37263724,","sources":",ci,","types":",nearby-cities,origin,phase-data,shakemap,","nst":33,"dmin":0.05148,"rms":0.15,"gap":74,"magType":"mlr","type":"earthquake","title":"M 3.6 - 15km S of Searles Valley, CA"},"geometry":{"type":"Point","coordinates":[-117.434,35.6326667,6.26]},"id":"ci37263724"},
{"type":"Feature","properties":{"mag":4.24,"place":"14km SSW of Searles Valley, CA","time":1562388015980,"updated":1569508227040,"tz":null,"url":"https://earthquake.usgs.gov/earthquakes/eventpage/ci38457983","detail":"https://earthquake.usgs.gov/fdsnws/event/1/query?eventid=ci38457983&format=geojson","felt":0,"cdi":1,"mmi":5.86,"alert":"green","status":"reviewed","tsunami":0,"sig":277,"net":"ci","code":"38457983","ids":",ci38457983,us70004bs5,","sources":",ci,us,","types":",dyfi,focal-mechanism,losspager,nearby-cities,origin,phase-data,scitech-link,shakemap,","nst":43,"dmin":0.0578,"rms":0.15,"gap":67,"magType":"mlr","type":"earthquake","title":"M 4.2 - 14km SSW of Searles Valley, CA"},"geometry":{"type":"Point","coordinates":[-117.4456667,35.6428333,2.88]},"id":"ci38457983"},
{"type":"Feature","properties":{"mag":3.61,"place":"17km ESE of Little Lake, CA","time":1562388063050,"updated":1568066141988,"tz":null,"url":"https://earthquake.usgs.gov/earthquakes/eventpage/ci38457991","detail":"https://earthquake.usgs.gov/fdsnws/event/1/query?eventid=ci38457991&format=geojson","felt":0,"cdi":1,"mmi":6.31,"alert":null,"status":"reviewed","tsunami":0,"sig":200,"net":"ci","code":"38457991","ids":",ci38457991,us70004bs7,","sources":",ci,us,","types":",dyfi,nearby-cities,origin,phase-data,scitech-link,shakemap,","nst":27,"dmin":0.09042,"rms":0.1,"gap":59,"magType":"mlr","type":"earthquake","title":"M 3.6 - 17km ESE of Little Lake, CA"},"geometry":{"type":"Point","coordinates":[-117.7248333,35.8993333,5.62]},"id":"ci38457991"},
{"type":"Feature","properties":{"mag":3.56,"place":"17km ESE of Little Lake, CA","time":1562388336470,"updated":1569508228040,"tz":null,"url":"https://earthquake.usgs.gov/earthquakes/eventpage/ci38458031","detail":"https://earthquake.usgs.gov/fdsnws/event/1/query?eventid=ci38458031&format=geojson","felt":null,"cdi":null,"mmi":3.827,"alert":null,"status":"reviewed","tsunami":0,"sig":195,"net":"ci","code":"38458031","ids":",ci38458031,us70004bse,","sources":",ci,us,","types":",focal-mechanism,nearby-cities,origin,phase-data,scitech-link,shakemap,","nst":50,"dmin":0.07352,"rms":0.13,"gap":36,"magType":"ml","type":"earthquake","title":"M 3.6 - 17km ESE of Little Lake, CA"},"geometry":{"type":"Point","coordinates":[-117.7241667,35.9051667,4.51]},"id":"ci38458031"},
{"type":"Feature","properties":{"mag":3.71,"place":"17km ESE of Little Lake, CA","time":1562388582550,"updated":1569508229040,"tz":null,"url":"https://earthquake.usgs.gov/earthquakes/eventpage/ci38458063","detail":"https://earthquake.usgs.gov/fdsnws/event/1/query?eventid=ci38458063&format=geojson","felt":0,"cdi":1,"mmi":5.64,"alert":null,"status":"reviewed","tsunami":0,"sig":212,"net":"ci","code":"38458063","ids":",ci38458063,us70004bsg,","sources":",ci,us,","types":",dyfi,focal-mechanism,nearby-cities,origin,phase-data,scitech-link,shakemap,","nst":50,"dmin":0.07806,"rms":0.14,"gap":33,"magType":"mlr","type":"earthquake","title":"M 3.7 - 17km ESE of Little Lake, CA"},"geometry":{"type":"Point","coordinates":[-117.7301667,35.8815,8.06]},"id":"ci38458063"},
{"type":"Feature","properties":{"mag":3.68,"place":"19km W of Searles Valley, CA","time":1562388604100,"updated":1569508229040,"tz":null,"url":"https://earthquake.usgs.gov/earthquakes/eventpage/ci37225220","detail":"https://earthquake.usgs.gov/fdsnws/event/1/query?eventid=ci37225220&format=geojson","felt":null,"cdi":null,"mmi":3.955,"alert":null,"status":"reviewed","tsunami":0,"sig":208,"net":"ci","code":"37225220","ids":",ci37225220,us70004bsh,","sources":",ci,us,","types":",nearby-cities,origin,phase-data,shakemap,","nst":25,"dmin":0.02813,"rms":0.15,"gap":73,"magType":"mlr","type":"earthquake","title":"M 3.7 - 19km W of Searles Valley, CA"},"geometry":{"type":"Point","coordinates":[-117.6133333,35.7906667,7.19]},"id":"ci37225220"},
{"type":"Feature","properties":{"mag":3.51,"place":"17km ESE of Little Lake, CA","time":1562388611880,"updated":1583457314793,"tz":null,"url":"https://earthquake.usgs.gov/earthquakes/eventpage/ci37263764","detail":"https://earthquake.usgs.gov/fdsnws/event/1/query?eventid=ci37263764&format=geojson","felt":null,"cdi":null,"mmi":null,"alert":null,"status":"reviewed","tsunami":0,"sig":190,"net":"ci","code":"37263764","ids":",ci37263764,","sources":",ci,","types":",nearby-cities,origin,phase-data,","nst":12,"dmin":0.08826,"rms":0.1,"gap":109,"magType":"mlr","type":"earthquake","title":"M 3.5 - 17km ESE of Little Lake, CA"},"geometry":{"type":"Point","coordinates":[-117.7288333,35.892,5.64]},"id":"ci37263764"},
{"type":"Feature","properties":{"mag":3.72,"place":"16km ESE of Little Lake, CA","time":1562388616120,"updated":1569508274040,"tz":null,"url":"https://earthquake.usgs.gov/earthquakes/eventpage/ci37225228","detail":"https://earthquake.usgs.gov/fdsnws/event/1/query?eventid=ci37225228&format=geojson","felt":null,"cdi":null,"mmi":3.941,"alert":null,"status":"reviewed","tsunami":0,"sig":213,"net":"ci","code":"37225228","ids":",ci37225228,us70005ejx,","sources":",ci,us,","types":",nearby-cities,origin,phase-data,shakemap,","nst":26,"dmin":0.08761,"rms":0.16,"gap":51,"magType":"mlr","type":"earthquake","title":"M 3.7 - 16km ESE of Little Lake, CA"},"geometry":{"type":"Point","coordinates":[-117.732,35.896,7.18]},"id":"ci37225228"},
{"type":"Feature","properties":{"mag":3.54,"place":"17km ESE of Little Lake, CA","time":1562388724010,"updated":1575606438990,"tz":null,"url":"https://earthquake.usgs.gov/earthquakes/eventpage/ci38458071","detail":"https://earthquake.usgs.gov/fdsnws/event/1/query?eventid=ci38458071&format=geojson","felt":null,"cdi":null,"mmi":4.014,"alert":null,"status":"reviewed","tsunami":0,"sig":193,"net":"ci","code":"38458071","ids":",ci38458071,us70004bsp,","sources":",ci,us,","types":",focal-mechanism,nearby-cities,origin,phase-data,scitech-link,shakemap,","nst":33,"dmin":0.08499,"rms":0.13,"gap":34,"magType":"mlr","type":"earthquake","title":"M 3.5 - 17km ESE of Little Lake, CA"},"geometry":{"type":"Point","coordinates":[-117.7323333,35.8895,5.37]},"id":"ci38458071"},
{"type":"Feature","properties":{"mag":4.47,"place":"20km ESE of Little Lake, CA","time":1562388737710,"updated":1569508229040,"tz":null,"url":"https://earthquake.usgs.gov/earthquakes/eventpage/ci38458079","detail":"https://earthquake.usgs.gov/fdsnws/event/1/query?eventid=ci38458079&format=geojson","felt":1,"cdi":4.6,"mmi":5.89,"alert":"green","status":"reviewed","tsunami":0,"sig":308,"net":"ci","code":"38458079","ids":",ci38458079,us70004bsk,","sources":",ci,us,","types":",dyfi,focal-mechanism,losspager,nearby-cities,origin,phase-data,scitech-link,shakemap,","nst":62,"dmin":0.08933,"rms":0.17,"gap":39,"magType":"mlr","type":"earthquake","title":"M 4.5 - 20km ESE of Little Lake, CA"},"geometry":{"type":"Point","coordinates":[-117.6945,35.8773333,3.32]},"id":"ci38458079"},
{"type":"Feature","properties":{"mag":3.54,"place":"16km ESE of Little Lake, CA","time":1562388783960,"updated":1568235365084,"tz":null,"url":"https://earthquake.usgs.gov/earthquakes/eventpage/ci37225428","detail":"https://earthquake.usgs.gov/fdsnws/event/1/query?eventid=ci37225428&format=geojson","felt":null,"cdi":null,"mmi":3.714,"alert":null,"status":"reviewed","tsunami":0,"sig":193,"net":"ci","code":"37225428","ids":",ci37225428,","sources":",ci,","types":",nearby-cities,origin,phase-data,shakemap,","nst":17,"dmin":0.08507,"rms":0.09,"gap":54,"magType":"ml","type":"earthquake","title":"M 3.5 - 16km ESE of Little Lake, CA"},"geometry":{"type":"Point","coordinates":[-117.7353333,35.8966667,6.77]},"id":"ci37225428"},
{"type":"Feature","properties":{"mag":3.98,"place":"23km ESE of Little Lake, CA","time":1562388821990,"updated":1569508229040,"tz":null,"url":"https://earthquake.usgs.gov/earthquakes/eventpage/ci38458087","detail":"https://earthquake.usgs.gov/fdsnws/event/1/query?eventid=ci38458087&format=geojson","felt":0,"cdi":1,"mmi":5.66,"alert":null,"status":"reviewed","tsunami":0,"sig":244,"net":"ci","code":"38458087","ids":",ci38458087,us70004bss,","sources":",ci,us,","types":",dyfi,focal-mechanism,nearby-cities,origin,phase-data,scitech-link,shakemap,","nst":49,"dmin":0.07662,"rms":0.15,"gap":41,"magType":"mlr","type":"earthquake","title":"M 4.0 - 23km ESE of Little Lake, CA"},"geometry":{"type":"Point","coordinates":[-117.6595,35.875,6.86]},"id":"ci38458087"},
{"type":"Feature","properties":{"mag":3.66,"place":"14km ESE of Ridgecrest, CA","time":1562388825340,"updated":1568248224674,"tz":null,"url":"https://earthquake.usgs.gov/earthquakes/eventpage/ci37225436","detail":"https://earthquake.usgs.gov/fdsnws/event/1/query?eventid=ci37225436&format=geojson","felt":null,"cdi":null,"mmi":3.716,"alert":null,"status":"reviewed","tsunami":0,"sig":206,"net":"ci","code":"37225436","ids":",ci37225436,","sources":",ci,","types":",nearby-cities,origin,phase-data,shakemap,","nst":11,"dmin":0.05352,"rms":0.15,"gap":144,"magType":"mlr","type":"earthquake","title":"M 3.7 - 14km ESE of Ridgecrest, CA"},"geometry":{"type":"Point","coordinates":[-117.5275,35.5921667,9.9]},"id":"ci37225436"},
{"type":"Feature","properties":{"mag":4.03,"place":"14km NE of Ridgecrest, CA","time":1562389116690,"updated":1573843399009,"tz":null,"url":"https://earthquake.usgs.gov/earthquakes/eventpage/ci38458143","detail":"https://earthquake.usgs.gov/fdsnws/event/1/query?eventid=ci38458143&format=geojson","felt":0,"cdi":1,"mmi":5.76,"alert":null,"status":"reviewed","tsunami":0,"sig":250,"net":"ci","code":"38458143","ids":",ci38458143,us70004bsy,","sources":",ci,us,","types":",dyfi,focal-mechanism,nearby-cities,origin,phase-data,scitech-link,shakemap,","nst":52,"dmin":0.1104,"rms":0.15,"gap":43,"magType":"mlr","type":"earthquake","title":"M 4.0 - 14km NE of Ridgecrest, CA"},"geometry":{"type":"Point","coordinates":[-117.5706667,35.7073333,2.9]},"id":"ci38458143"},
{"type":"Feature","properties":{"mag":3.51,"place":"18km ESE of Little Lake, CA","time":1562389387180,"updated":1568413490580,"tz":null,"url":"https://earthquake.usgs.gov/earthquakes/eventpage/ci37427213","detail":"https://earthquake.usgs.gov/fdsnws/event/1/query?eventid=ci37427213&format=geojson","felt":null,"cdi":null,"mmi":4.18,"alert":null,"status":"reviewed","tsunami":0,"sig":190,"net":"ci","code":"37427213","ids":",ci37427213,","sources":",ci,","types":",focal-mechanism,nearby-cities,origin,phase-data,shakemap,","nst":33,"dmin":0.09389,"rms":0.12,"gap":38,"magType":"ml","type":"earthquake","title":"M 3.5 - 18km ESE of Little Lake, CA"},"geometry":{"type":"Point","coordinates":[-117.7126667,35.8925,2.43]},"id":"ci37427213"},
{"type":"Feature","properties":{"mag":3.63,"place":"20km ESE of Little Lake, CA","time":1562389459720,"updated":1569508230040,"tz":null,"url":"https://earthquake.usgs.gov/earthquakes/eventpage/ci38458175","detail":"https://earthquake.usgs.gov/fdsnws/event/1/query?eventid=ci38458175&format=geojson","felt":null,"cdi":null,"mmi":6.06,"alert":null,"status":"reviewed","tsunami":0,"sig":203,"net":"ci","code":"38458175","ids":",ci38458175,us70004bta,","sources":",ci,us,","types":",focal-mechanism,nearby-cities,origin,phase-data,scitech-link,shakemap,","nst":49,"dmin":0.0907,"rms":0.13,"gap":40,"magType":"mlr","type":"earthquake","title":"M 3.6 - 20km ESE of Little Lake, CA"},"geometry":{"type":"Point","coordinates":[-117.6948333,35.8793333,7.37]},"id":"ci38458175"},
{"type":"Feature","properties":{"mag":3.61,"place":"20km ESE of Little Lake, CA","time":1562389463380,"updated":1568420410916,"tz":null,"url":"https://earthquake.usgs.gov/earthquakes/eventpage/ci37427253","detail":"https://earthquake.usgs.gov/fdsnws/event/1/query?eventid=ci37427253&format=geojson","felt":null,"cdi":null,"mmi":null,"alert":null,"status":"reviewed","tsunami":0,"sig":200,"net":"ci","code":"37427253","ids":",ci37427253,","sources":",ci,","types":",nearby-cities,origin,phase-data,","nst":16,"dmin":0.09543,"rms":0.16,"gap":74,"magType":"mlr","type":"earthquake","title":"M 3.6 - 20km ESE of Little Lake, CA"},"geometry":{"type":"Point","coordinates":[-117.6978333,35.8806667,5.67]},"id":"ci37427253"},
{"type":"Feature","properties":{"mag":3.67,"place":"15km NE of Ridgecrest, CA","time":1562389691260,"updated":1663982854291,"tz":null,"url":"https://earthquake.usgs.gov/earthquakes/eventpage/ci38458215","detail":"https://earthquake.usgs.gov/fdsnws/event/1/query?eventid=ci38458215&format=geojson","felt":1,"cdi":0,"mmi":3.754,"alert":null,"status":"reviewed","tsunami":0,"sig":207,"net":"ci","code":"38458215","ids":",ci38458215,us70004bte,","sources":",ci,us,","types":",dyfi,focal-mechanism,nearby-cities,origin,phase-data,scitech-link,shakemap,","nst":65,"dmin":0.1023,"rms":0.14,"gap":36,"magType":"mlr","type":"earthquake","title":"M 3.7 - 15km NE of Ridgecrest, CA"},"geometry":{"type":"Point","coordinates":[-117.5636667,35.717,7.99]},"id":"ci38458215"},
{"type":"Feature","properties":{"mag":3.51,"place":"17km ESE of Little Lake, CA","time":1562389809260,"updated":1568752651285,"tz":null,"url":"https://earthquake.usgs.gov/earthquakes/eventpage/ci37427437","detail":"https://earthquake.usgs.gov/fdsnws/event/1/query?eventid=ci37427437&format=geojson","felt":null,"cdi":null,"mmi":3.994,"alert":null,"status":"reviewed","tsunami":0,"sig":190,"net":"ci","code":"37427437","ids":",ci37427437,","sources":",ci,","types":",nearby-cities,origin,phase-data,shakemap,","nst":28,"dmin":0.09016,"rms":0.13,"gap":40,"magType":"ml","type":"earthquake","title":"M 3.5 - 17km ESE of Little Lake, CA"},"geometry":{"type":"Point","coordinates":[-117.7218333,35.8918333,4.02]},"id":"ci37427437"},
{"type":"Feature","properties":{"mag":3.97,"place":"23km ESE of Little Lake, CA","time":1562389994990,"updated":1663982924618,"tz":null,"url":"https://earthquake.usgs.gov/earthquakes/eventpage/ci38458263","detail":"https://earthquake.usgs.gov/fdsnws/event/1/query?eventid=ci38458263&format=geojson","felt":1,"cdi":0,"mmi":6.36,"alert":null,"status":"reviewed","tsunami":0,"sig":242,"net":"ci","code":"38458263","ids":",us70004btl,ci38458263,","sources":",us,ci,","types":",dyfi,focal-mechanism,nearby-cities,origin,phase-data,scitech-link,shakemap,","nst":56,"dmin":0.0769,"rms":0.14,"gap":41,"magType":"mlr","type":"earthquake","title":"M 4.0 - 23km ESE of Little Lake, CA"},"geometry":{"type":"Point","coordinates":[-117.6608333,35.8755,7.14]},"id":"ci38458263"},
{"type":"Feature","properties":{"mag":3.52,"place":"15km E of Little Lake, CA","time":1562390137240,"updated":1569508230040,"tz":null,"url":"https://earthquake.usgs.gov/earthquakes/eventpage/ci38458295","detail":"https://earthquake.usgs.gov/fdsnws/event/1/query?eventid=ci38458295&format=geojson","felt":0,"cdi":1,"mmi":3.6,"alert":null,"status":"reviewed","tsunami":0,"sig":191,"net":"ci","code":"38458295","ids":",ci38458295,nn00691056,us70004btt,","sources":",ci,nn,us,","types":",dyfi,focal-mechanism,nearby-cities,origin,phase-data,scitech-link,shakemap,","nst":36,"dmin":0.06948,"rms":0.18,"gap":35,"magType":"ml","type":"earthquake","title":"M 3.5 - 15km E of Little Lake, CA"},"geometry":{"type":"Point","coordinates":[-117.7448333,35.9128333,8.56]},"id":"ci38458295"},
{"type":"Feature","properties":{"mag":4.29,"place":"24km N of Ridgecrest, CA","time":1562390704870,"updated":1655789338225,"tz":null,"url":"https://earthquake.usgs.gov/earthquakes/eventpage/ci38458375","detail":"https://earthquake.usgs.gov/fdsnws/event/1/query?eventid=ci38458375&format=geojson","felt":4,"cdi":2.2,"mmi":6.3,"alert":"green","status":"reviewed","tsunami":0,"sig":284,"net":"ci","code":"38458375","ids":",ci38458375,us70004bu7,","sources":",ci,us,","types":",dyfi,focal-mechanism,losspager,nearby-cities,origin,phase-data,scitech-link,shakemap,","nst":72,"dmin":0.06725,"rms":0.14,"gap":23,"magType":"mlr","type":"earthquake","title":"M 4.3 - 24km N of Ridgecrest, CA"},"geometry":{"type":"Point","coordinates":[-117.6775,35.833,3.43]},"id":"ci38458375"},
{"type":"Feature","properties":{"mag":3.5,"place":"15km WSW of Searles Valley, CA","time":1562390736710,"updated":1569529766932,"tz":null,"url":"https://earthquake.usgs.gov/earthquakes/eventpage/ci37227020","detail":"https://earthquake.usgs.gov/fdsnws/event/1/query?eventid=ci37227020&format=geojson","felt":null,"cdi":null,"mmi":4.141,"alert":null,"status":"reviewed","tsunami":0,"sig":188,"net":"ci","code":"37227020","ids":",ci37227020,","sources":",ci,","types":",nearby-cities,origin,phase-data,shakemap,","nst":16,"dmin":0.08758,"rms":0.09,"gap":87,"magType":"ml","type":"earthquake","title":"M 3.5 - 15km WSW of Searles Valley, CA"},"geometry":{"type":"Point","coordinates":[-117.561,35.7331667,6.77]},"id":"ci37227020"},
{"type":"Feature","properties":{"mag":3.61,"place":"23km ESE of Little Lake, CA","time":1562391179940,"updated":1569871131668,"tz":null,"url":"https://earthquake.usgs.gov/earthquakes/eventpage/ci38458439","detail":"https://earthquake.usgs.gov/fdsnws/event/1/query?eventid=ci38458439&format=geojson","felt":0,"cdi":1,"mmi":3.797,"alert":null,"status":"reviewed","tsunami":0,"sig":200,"net":"ci","code":"38458439","ids":",ci38458439,us70004buw,","sources":",ci,us,","types":",dyfi,focal-mechanism,nearby-cities,origin,phase-data,scitech-link,shakemap,","nst":44,"dmin":0.07254,"rms":0.18,"gap":32,"magType":"mlr","type":"earthquake","title":"M 3.6 - 23km ESE of Little Lake, CA"},"geometry":{"type":"Point","coordinates":[-117.6796667,35.8441667,7.73]},"id":"ci38458439"},
{"type":"Feature","properties":{"mag":3.56,"place":"18km W of Searles Valley, CA","time":1562391692240,"updated":1569968414482,"tz":null,"url":"https://earthquake.usgs.gov/earthquakes/eventpage/ci38458503","detail":"https://earthquake.usgs.gov/fdsnws/event/1/query?eventid=ci38458503&format=geojson","felt":0,"cdi":1,"mmi":4.287,"alert":null,"status":"reviewed","tsunami":0,"sig":195,"net":"ci","code":"38458503","ids":",ci38458503,us70004bv8,","sources":",ci,us,","types":",dyfi,focal-mechanism,nearby-cities,origin,phase-data,scitech-link,shakemap,","nst":32,"dmin":0.0323,"rms":0.12,"gap":64,"magType":"mlr","type":"earthquake","title":"M 3.6 - 18km W of Searles Valley, CA"},"geometry":{"type":"Point","coordinates":[-117.6041667,35.7838333,2.95]},"id":"ci38458503"},
{"type":"Feature","properties":{"mag":3.66,"place":"23km S of Trona, CA","time":1562391696030,"updated":1569968179545,"tz":null,"url":"https://earthquake.usgs.gov/earthquakes/eventpage/ci37227372","detail":"https://earthquake.usgs.gov/fdsnws/event/1/query?eventid=ci37227372&format=geojson","felt":null,"cdi":null,"mmi":3.821,"alert":null,"status":"reviewed","tsunami":0,"sig":206,"net":"ci","code":"37227372","ids":",ci37227372,","sources":",ci,","types":",nearby-cities,origin,phase-data,shakemap,","nst":10,"dmin":0.04485,"rms":0.09,"gap":136,"magType":"mlr","type":"earthquake","title":"M 3.7 - 23km S of Trona, CA"},"geometry":{"type":"Point","coordinates":[-117.419,35.5586667,8.89]},"id":"ci37227372"},
{"type":"Feature","properties":{"mag":3.78,"place":"14km W of Searles Valley, CA","time":1562391708390,"updated":1569968500332,"tz":null,"url":"https://earthquake.usgs.gov/earthquakes/eventpage/ci37227380","detail":"https://earthquake.usgs.gov/fdsnws/event/1/query?eventid=ci37227380&format=geojson","felt":null,"cdi":null,"mmi":3.796,"alert":null,"status":"reviewed","tsunami":0,"sig":220,"net":"ci","code":"37227380","ids":",ci37227380,","sources":",ci,","types":",nearby-cities,origin,phase-data,shakemap,","nst":34,"dmin":0.05048,"rms":0.15,"gap":56,"magType":"mlr","type":"earthquake","title":"M 3.8 - 14km W of Searles Valley, CA"},"geometry":{"type":"Point","coordinates":[-117.5573333,35.7771667,10.9]},"id":"ci37227380"},
{"type":"Feature","properties":{"mag":3.62,"place":"18km S of Trona, CA","time":1562392325350,"updated":1570212832853,"tz":null,"url":"https://earthquake.usgs.gov/earthquakes/eventpage/ci38458575","detail":"https://earthquake.usgs.gov/fdsnws/event/1/query?eventid=ci38458575&format=geojson","felt":null,"cdi":null,"mmi":3.985,"alert":null,"status":"reviewed","tsunami":0,"sig":202,"net":"ci","code":"38458575","ids":",ci38458575,us70004bvs,","sources":",ci,us,","types":",focal-mechanism,nearby-cities,origin,phase-data,scitech-link,shakemap,","nst":40,"dmin":0.05196,"rms":0.14,"gap":32,"magType":"mlr","type":"earthquake","title":"M 3.6 - 18km S of Trona, CA"},"geometry":{"type":"Point","coordinates":[-117.403,35.6058333,5.35]},"id":"ci38458575"},
{"type":"Feature","properties":{"mag":4.15,"place":"19km E of Little Lake, CA","time":1562392697570,"updated":1569508232040,"tz":null,"url":"https://earthquake.usgs.gov/earthquakes/eventpage/ci38458655","detail":"https://earthquake.usgs.gov/fdsnws/event/1/query?eventid=ci38458655&format=geojson","felt":null,"cdi":null,"mmi":5.37,"alert":"green","status":"reviewed","tsunami":0,"sig":265,"net":"ci","code":"38458655","ids":",ci38458655,us70004bw1,","sources":",ci,us,","types":",focal-mechanism,losspager,nearby-cities,origin,phase-data,scitech-link,shakemap,","nst":42,"dmin":0.07309,"rms":0.17,"gap":34,"magType":"mlr","type":"earthquake","title":"M 4.2 - 19km E of Little Lake, CA"},"geometry":{"type":"Point","coordinates":[-117.6916667,35.9323333,1.86]},"id":"ci38458655"},
{"type":"Feature","properties":{"mag":3.57,"place":"16km WSW of Searles Valley, CA","time":1562392784190,"updated":1570229377472,"tz":null,"url":"https://earthquake.usgs.gov/earthquakes/eventpage/ci38458663","detail":"https://earthquake.usgs.gov/fdsnws/event/1/query?eventid=ci38458663&format=geojson","felt":0,"cdi":1,"mmi":5.01,"alert":null,"status":"reviewed","tsunami":0,"sig":196,"net":"ci","code":"38458663","ids":",ci38458663,us70004bw6,","sources":",ci,us,","types":",dyfi,nearby-cities,origin,phase-data,scitech-link,shakemap,","nst":26,"dmin":0.08022,"rms":0.17,"gap":85,"magType":"mlr","type":"earthquake","title":"M 3.6 - 16km WSW of Searles Valley, CA"},"geometry":{"type":"Point","coordinates":[-117.574,35.7376667,3.12]},"id":"ci38458663"},
{"type":"Feature","properties":{"mag":3.5,"place":"24km S of Trona, CA","time":1562392857770,"updated":1570233434460,"tz":null,"url":"https://earthquake.usgs.gov/earthquakes/eventpage/ci38458671","detail":"https://earthquake.usgs.gov/fdsnws/event/1/query?eventid=ci38458671&format=geojson","felt":0,"cdi":1,"mmi":4.292,"alert":null,"status":"reviewed","tsunami":0,"sig":188,"net":"ci","code":"38458671","ids":",ci38458671,us70004bw8,","sources":",ci,us,","types":",dyfi,nearby-cities,origin,phase-data,scitech-link,shakemap,","nst":33,"dmin":0.03206,"rms":0.17,"gap":87,"magType":"ml","type":"earthquake","title":"M 3.5 - 24km S of Trona, CA"},"geometry":{"type":"Point","coordinates":[-117.3465,35.5535,4.31]},"id":"ci38458671"},
{"type":"Feature","properties":{"mag":4.63,"place":"15km E of Little Lake, CA","time":1562392911800,"updated":1573844084787,"tz":null,"url":"https://earthquake.usgs.gov/earthquakes/eventpage/ci38458679","detail":"https://earthquake.usgs.gov/fdsnws/event/1/query?eventid=ci38458679&format=geojson","felt":2,"cdi":2.2,"mmi":6.27,"alert":"green","status":"reviewed","tsunami":0,"sig":330,"net":"ci","code":"38458679","ids":",ci38458679,us70004bwb,","sources":",ci,us,","types":",dyfi,losspager,moment-tensor,nearby-cities,origin,phase-data,scitech-link,shakemap,","nst":67,"dmin":0.07482,"rms":0.14,"gap":36,"magType":"mw","type":"earthquake","title":"M 4.6 - 15km E of Little Lake, CA"},"geometry":{"type":"Point","coordinates":[-117.7385,35.911,4.99]},"id":"ci38458679"},
{"type":"Feature","properties":{"mag":3.53,"place":"21km S of Trona, CA","time":1562393228680,"updated":1570492353852,"tz":null,"url":"https://earthquake.usgs.gov/earthquakes/eventpage/ci38458719","detail":"https://earthquake.usgs.gov/fdsnws/event/1/query?eventid=ci38458719&format=geojson","felt":0,"cdi":1,"mmi":5.22,"alert":null,"status":"reviewed","tsunami":0,"sig":192,"net":"ci","code":"38458719","ids":",ci38458719,us70004bwl,","sources":",ci,us,","types":",dyfi,nearby-cities,origin,phase-data,scitech-link,shakemap,","nst":48,"dmin":0.05211,"rms":0.16,"gap":51,"magType":"ml","type":"earthquake","title":"M 3.5 - 21km S of Trona, CA"},"geometry":{"type":"Point","coordinates":[-117.3635,35.5771667,3.81]},"id":"ci38458719"},
{"type":"Feature","properties":{"mag":4.27,"place":"20km S of Trona, CA","time":1562393572000,"updated":1570581450144,"tz":null,"url":"https://earthquake.usgs.gov/earthquakes/eventpage/ci38458759","detail":"https://earthquake.usgs.gov/fdsnws/event/1/query?eventid=ci38458759&format=geojson","felt":0,"cdi":1,"mmi":6.2,"alert":"green","status":"reviewed","tsunami":0,"sig":281,"net":"ci","code":"38458759","ids":",ci38458759,us70004bwv,","sources":",ci,us,","types":",dyfi,focal-mechanism,losspager,nearby-cities,origin,phase-data,scitech-link,shakemap,","nst":55,"dmin":0.05692,"rms":0.15,"gap":42,"magType":"mlr","type":"earthquake","title":"M 4.3 - 20km S of Trona, CA"},"geometry":{"type":"Point","coordinates":[-117.3751667,35.5813333,5.45]},"id":"ci38458759"},
{"type":"Feature","properties":{"mag":3.55,"place":"20km E of Little Lake, CA","time":1562393891250,"updated":1570743461555,"tz":null,"url":"https://earthquake.usgs.gov/earthquakes/eventpage/ci38458815","detail":"https://earthquake.usgs.gov/fdsnws/event/1/query?eventid=ci38458815&format=geojson","felt":null,"cdi":null,"mmi":3.534,"alert":null,"status":"reviewed","tsunami":0,"sig":194,"net":"ci","code":"38458815","ids":",ci38458815,","sources":",ci,","types":",nearby-cities,origin,phase-data,scitech-link,shakemap,","nst":26,"dmin":0.0688,"rms":0.2,"gap":51,"magType":"ml","type":"earthquake","title":"M 3.6 - 20km E of Little Lake, CA"},"geometry":{"type":"Point","coordinates":[-117.684,35.9191667,8.98]},"id":"ci38458815"},
{"type":"Feature","properties":{"mag":3.72,"place":"21km ESE of Little Lake, CA","time":1562394660730,"updated":1571088215810,"tz":null,"url":"https://earthquake.usgs.gov/earthquakes/eventpage/ci38458951","detail":"https://earthquake.usgs.gov/fdsnws/event/1/query?eventid=ci38458951&format=geojson","felt":null,"cdi":null,"mmi":4.123,"alert":null,"status":"reviewed","tsunami":0,"sig":213,"net":"ci","code":"38458951","ids":",ci38458951,us70004by8,","sources":",ci,us,","types":",nearby-cities,origin,phase-data,scitech-link,shakemap,","nst":46,"dmin":0.07531,"rms":0.17,"gap":40,"magType":"mlr","type":"earthquake","title":"M 3.7 - 21km ESE of Little Lake, CA"},"geometry":{"type":"Point","coordinates":[-117.6868333,35.8785,4.3]},"id":"ci38458951"},
{"type":"Feature","properties":{"mag":3.55,"place":"17km ESE of Little Lake, CA","time":1562394715320,"updated":1571089750614,"tz":null,"url":"https://earthquake.usgs.gov/earthquakes/eventpage/ci38458967","detail":"https://earthquake.usgs.gov/fdsnws/event/1/query?eventid=ci38458967&format=geojson","felt":null,"cdi":null,"mmi":3.916,"alert":null,"status":"reviewed","tsunami":0,"sig":194,"net":"ci","code":"38458967","ids":",ci38458967,us70004bye,","sources":",ci,us,","types":",nearby-cities,origin,phase-data,scitech-link,shakemap,","nst":41,"dmin":0.08759,"rms":0.16,"gap":36,"magType":"ml","type":"earthquake","title":"M 3.6 - 17km ESE of Little Lake, CA"},"geometry":{"type":"Point","coordinates":[-117.7226667,35.8893333,4.65]},"id":"ci38458967"},
{"type":"Feature","properties":{"mag":4.05,"place":"17km ESE of Little Lake, CA","time":1562394887410,"updated":1569508233040,"tz":null,"url":"https://earthquake.usgs.gov/earthquakes/eventpage/ci38458999","detail":"https://earthquake.usgs.gov/fdsnws/event/1/query?eventid=ci38458999&format=geojson","felt":1,"cdi":3.4,"mmi":6.42,"alert":"green","status":"reviewed","tsunami":0,"sig":253,"net":"ci","code":"38458999","ids":",ci38458999,us70004byg,","sources":",ci,us,","types":",dyfi,focal-mechanism,losspager,nearby-cities,origin,phase-data,scitech-link,shakemap,","nst":58,"dmin":0.09001,"rms":0.14,"gap":36,"magType":"mlr","type":"earthquake","title":"M 4.1 - 17km ESE of Little Lake, CA"},"geometry":{"type":"Point","coordinates":[-117.7248333,35.8926667,8.17]},"id":"ci38458999"},
{"type":"Feature","properties":{"mag":3.9,"place":"21km N of Ridgecrest, CA","time":1562395275060,"updated":1571264173422,"tz":null,"url":"https://earthquake.usgs.gov/earthquakes/eventpage/ci38459047","detail":"https://earthquake.usgs.gov/fdsnws/event/1/query?eventid=ci38459047&format=geojson","felt":1,"cdi":3.4,"mmi":6.33,"alert":null,"status":"reviewed","tsunami":0,"sig":234,"net":"ci","code":"38459047","ids":",ci38459047,us70004bz4,","sources":",ci,us,","types":",dyfi,nearby-cities,origin,phase-data,scitech-link,shakemap,","nst":63,"dmin":0.03475,"rms":0.16,"gap":42,"magType":"mlr","type":"earthquake","title":"M 3.9 - 21km N of Ridgecrest, CA"},"geometry":{"type":"Point","coordinates":[-117.6378333,35.8041667,7.51]},"id":"ci38459047"},
{"type":"Feature","properties":{"mag":3.57,"place":"24km WNW of Searles Valley, CA","time":1562395630840,"updated":1571349241552,"tz":null,"url":"https://earthquake.usgs.gov/earthquakes/eventpage/ci38459135","detail":"https://earthquake.usgs.gov/fdsnws/event/1/query?eventid=ci38459135&format=geojson","felt":0,"cdi":1,"mmi":6.31,"alert":null,"status":"reviewed","tsunami":0,"sig":196,"net":"ci","code":"38459135","ids":",ci38459135,us70004bzj,","sources":",ci,us,","types":",dyfi,nearby-cities,origin,phase-data,scitech-link,shakemap,","nst":21,"dmin":0.06424,"rms":0.23,"gap":109,"magType":"mlr","type":"earthquake","title":"M 3.6 - 24km WNW of Searles Valley, CA"},"geometry":{"type":"Point","coordinates":[-117.6466667,35.8661667,6.77]},"id":"ci38459135"},
{"type":"Feature","properties":{"mag":3.77,"place":"23km S of Trona, CA","time":1562395945970,"updated":1571435069920,"tz":null,"url":"https://earthquake.usgs.gov/earthquakes/eventpage/ci38459207","detail":"https://earthquake.usgs.gov/fdsnws/event/1/query?eventid=ci38459207&format=geojson","felt":0,"cdi":1,"mmi":5.64,"alert":null,"status":"reviewed","tsunami":0,"sig":219,"net":"ci","code":"38459207","ids":",ci38459207,us70004bzx,","sources":",ci,us,","types":",dyfi,nearby-cities,origin,phase-data,scitech-link,shakemap,","nst":60,"dmin":0.04466,"rms":0.15,"gap":26,"magType":"mlr","type":"earthquake","title":"M 3.8 - 23km S of Trona, CA"},"geometry":{"type":"Point","coordinates":[-117.3983333,35.5601667,3.76]},"id":"ci38459207"},
{"type":"Feature","properties":{"mag":3.88,"place":"17km ESE of Little Lake, CA","time":1562396682040,"updated":1655598582603,"tz":null,"url":"https://earthquake.usgs.gov/earthquakes/eventpage/ci38459327","detail":"https://earthquake.usgs.gov/fdsnws/event/1/query?eventid=ci38459327&format=geojson","felt":1,"cdi":5,"mmi":5.55,"alert":null,"status":"reviewed","tsunami":0,"sig":232,"net":"ci","code":"38459327","ids":",us70004c0k,ci38459327,","sources":",us,ci,","types":",dyfi,nearby-cities,origin,phase-data,scitech-link,shakemap,","nst":57,"dmin":0.08567,"rms":0.15,"gap":35,"magType":"mlr","type":"earthquake","title":"M 3.9 - 17km ESE of Little Lake, CA"},"geometry":{"type":"Point","coordinates":[-117.7315,35.89,4.8]},"id":"ci38459327"},
{"type":"Feature","properties":{"mag":3.56,"place":"17km ESE of Little Lake, CA","time":1562396721030,"updated":1571868002917,"tz":null,"url":"https://earthquake.usgs.gov/earthquakes/eventpage/ci38459335","detail":"https://earthquake.usgs.gov/fdsnws/event/1/query?eventid=ci38459335&format=geojson","felt":0,"cdi":1,"mmi":5.17,"alert":null,"status":"reviewed","tsunami":0,"sig":195,"net":"ci","code":"38459335","ids":",ci38459335,us70004c0p,","sources":",ci,us,","types":",dyfi,nearby-cities,origin,phase-data,scitech-link,shakemap,","nst":26,"dmin":0.0851,"rms":0.11,"gap":39,"magType":"mlr","type":"earthquake","title":"M 3.6 - 17km ESE of Little Lake, CA"},"geometry":{"type":"Point","coordinates":[-117.7306667,35.8891667,5.96]},"id":"ci38459335"},
{"type":"Feature","properties":{"mag":3.75,"place":"14km E of Little Lake, CA","time":1562397363150,"updated":1572047480913,"tz":null,"url":"https://earthquake.usgs.gov/earthquakes/eventpage/ci37233156","detail":"https://earthquake.usgs.gov/fdsnws/event/1/query?eventid=ci37233156&format=geojson","felt":null,"cdi":null,"mmi":4.542,"alert":null,"status":"reviewed","tsunami":0,"sig":216,"net":"ci","code":"37233156","ids":",ci37233156,us70004c1e,","sources":",ci,us,","types":",nearby-cities,origin,phase-data,shakemap,","nst":36,"dmin":0.06184,"rms":0.22,"gap":44,"magType":"mlr","type":"earthquake","title":"M 3.8 - 14km E of Little Lake, CA"},"geometry":{"type":"Point","coordinates":[-117.748,35.9243333,2.33]},"id":"ci37233156"},
{"type":"Feature","properties":{"mag":3.62,"place":"12km SW of Searles Valley, CA","time":1562398274490,"updated":1572472817534,"tz":null,"url":"https://earthquake.usgs.gov/earthquakes/eventpage/ci38459599","detail":"https://earthquake.usgs.gov/fdsnws/event/1/query?eventid=ci38459599&format=geojson","felt":0,"cdi":1,"mmi":5.25,"alert":null,"status":"reviewed","tsunami":0,"sig":202,"net":"ci","code":"38459599","ids":",ci38459599,us70004c2a,","sources":",ci,us,","types":",dyfi,nearby-cities,origin,phase-data,scitech-link,shakemap,","nst":52,"dmin":0.1226,"rms":0.17,"gap":46,"magType":"mlr","type":"earthquake","title":"M 3.6 - 12km SW of Searles Valley, CA"},"geometry":{"type":"Point","coordinates":[-117.505,35.7043333,2.01]},"id":"ci38459599"},
{"type":"Feature","properties":{"mag":3.73,"place":"17km ESE of Little Lake, CA","time":1562399544520,"updated":1572916059449,"tz":null,"url":"https://earthquake.usgs.gov/earthquakes/eventpage/ci38459863","detail":"https://earthquake.usgs.gov/fdsnws/event/1/query?eventid=ci38459863&format=geojson","felt":0,"cdi":1,"mmi":6.13,"alert":null,"status":"reviewed","tsunami":0,"sig":214,"net":"ci","code":"38459863","ids":",ci38459863,us70004c3p,","sources":",ci,us,","types":",dyfi,nearby-cities,origin,phase-data,scitech-link,shakemap,","nst":45,"dmin":0.0815,"rms":0.16,"gap":34,"magType":"mlr","type":"earthquake","title":"M 3.7 - 17km ESE of Little Lake, CA"},"geometry":{"type":"Point","coordinates":[-117.729,35.8848333,5.54]},"id":"ci38459863"},
{"type":"Feature","properties":{"mag":3.87,"place":"14km NE of Ridgecrest, CA","time":1562399686580,"updated":1572994727605,"tz":null,"url":"https://earthquake.usgs.gov/earthquakes/eventpage/ci38459887","detail":"https://earthquake.usgs.gov/fdsnws/event/1/query?eventid=ci38459887&format=geojson","felt":0,"cdi":1,"mmi":5.38,"alert":null,"status":"reviewed","tsunami":0,"sig":230,"net":"ci","code":"38459887","ids":",ci38459887,us70004c3u,","sources":",ci,us,","types":",dyfi,nearby-cities,origin,phase-data,scitech-link,shakemap,","nst":66,"dmin":0.115,"rms":0.14,"gap":43,"magType":"mlr","type":"earthquake","title":"M 3.9 - 14km NE of Ridgecrest, CA"},"geometry":{"type":"Point","coordinates":[-117.5576667,35.7051667,8.49]},"id":"ci38459887"},
{"type":"Feature","properties":{"mag":3.55,"place":"12km SSW of Searles Valley, CA","time":1562399763660,"updated":1572995889824,"tz":null,"url":"https://earthquake.usgs.gov/earthquakes/eventpage/ci38459895","detail":"https://earthquake.usgs.gov/fdsnws/event/1/query?eventid=ci38459895&format=geojson","felt":0,"cdi":1,"mmi":5.09,"alert":null,"status":"reviewed","tsunami":0,"sig":194,"net":"ci","code":"38459895","ids":",ci38459895,us70004c3y,","sources":",ci,us,","types":",dyfi,nearby-cities,origin,phase-data,scitech-link,shakemap,","nst":53,"dmin":0.08859,"rms":0.17,"gap":38,"magType":"mlr","type":"earthquake","title":"M 3.6 - 12km SSW of Searles Valley, CA"},"geometry":{"type":"Point","coordinates":[-117.475,35.6746667,2]},"id":"ci38459895"},
{"type":"Feature","properties":{"mag":3.62,"place":"17km E of Little Lake, CA","time":1562400650100,"updated":1583874221160,"tz":null,"url":"https://earthquake.usgs.gov/earthquakes/eventpage/ci38460039","detail":"https://earthquake.usgs.gov/fdsnws/event/1/query?eventid=ci38460039&format=geojson","felt":0,"cdi":1,"mmi":5.57,"alert":null,"status":"reviewed","tsunami":0,"sig":202,"net":"ci","code":"38460039","ids":",ci38460039,us70004c4p,","sources":",ci,us,","types":",dyfi,nearby-cities,origin,phase-data,scitech-link,shakemap,","nst":50,"dmin":0.06554,"rms":0.13,"gap":36,"magType":"mw","type":"earthquake","title":"M 3.6 - 17km E of Little Lake, CA"},"geometry":{"type":"Point","coordinates":[-117.7191667,35.9135,2.67]},"id":"ci38460039"},
{"type":"Feature","properties":{"mag":3.53,"place":"16km ESE of Little Lake, CA","time":1562401612560,"updated":1583874826522,"tz":null,"url":"https://earthquake.usgs.gov/earthquakes/eventpage/ci37264140","detail":"https://earthquake.usgs.gov/fdsnws/event/1/query?eventid=ci37264140&format=geojson","felt":null,"cdi":null,"mmi":3.892,"alert":null,"status":"reviewed","tsunami":0,"sig":192,"net":"ci","code":"37264140","ids":",ci37264140,","sources":",ci,","types":",nearby-cities,origin,phase-data,shakemap,","nst":29,"dmin":0.08817,"rms":0.1,"gap":36,"magType":"ml","type":"earthquake","title":"M 3.5 - 16km ESE of Little Lake, CA"},"geometry":{"type":"Point","coordinates":[-117.7306667,35.8965,4.98]},"id":"ci37264140"},
{"type":"Feature","properties":{"mag":3.59,"place":"15km S of Trona, CA","time":1562401713770,"updated":1576027802651,"tz":null,"url":"https://earthquake.usgs.gov/earthquakes/eventpage/ci38460255","detail":"https://earthquake.usgs.gov/fdsnws/event/1/query?eventid=ci38460255&format=geojson","felt":0,"cdi":1,"mmi":5.34,"alert":null,"status":"reviewed","tsunami":0,"sig":198,"net":"ci","code":"38460255","ids":",ci38460255,us70004c5m,","sources":",ci,us,","types":",dyfi,nearby-cities,origin,phase-data,scitech-link,shakemap,","nst":52,"dmin":0.06181,"rms":0.15,"gap":26,"magType":"mlr","type":"earthquake","title":"M 3.6 - 15km S of Trona, CA"},"geometry":{"type":"Point","coordinates":[-117.4105,35.6318333,3.15]},"id":"ci38460255"},
{"type":"Feature","properties":{"mag":4.56,"place":"16km SSW of Searles Valley, CA","time":1562401977550,"updated":1569508237040,"tz":null,"url":"https://earthquake.usgs.gov/earthquakes/eventpage/ci38460311","detail":"https://earthquake.usgs.gov/fdsnws/event/1/query?eventid=ci38460311&format=geojson","felt":13,"cdi":4.3,"mmi":6.12,"alert":"green","status":"reviewed","tsunami":0,"sig":325,"net":"ci","code":"38460311","ids":",ci38460311,us70004c5t,","sources":",ci,us,","types":",dyfi,focal-mechanism,losspager,moment-tensor,nearby-cities,origin,phase-data,scitech-link,shakemap,","nst":83,"dmin":0.05751,"rms":0.15,"gap":24,"magType":"mw","type":"earthquake","title":"M 4.6 - 16km SSW of Searles Valley, CA"},"geometry":{"type":"Point","coordinates":[-117.4913333,35.639,3.14]},"id":"ci38460311"},
{"type":"Feature","properties":{"mag":3.6,"place":"18km S of Trona, CA","time":1562403595720,"updated":1587575059237,"tz":null,"url":"https://earthquake.usgs.gov/earthquakes/eventpage/ci38460631","detail":"https://earthquake.usgs.gov/fdsnws/event/1/query?eventid=ci38460631&format=geojson","felt":1,"cdi":2.9,"mmi":6.57,"alert":"green","status":"reviewed","tsunami":0,"sig":200,"net":"ci","code":"38460631","ids":",ci38460631,us70004c7g,","sources":",ci,us,","types":",dyfi,focal-mechanism,losspager,nearby-cities,origin,phase-data,scitech-link,shakemap,","nst":27,"dmin":0.06259,"rms":0.12,"gap":73,"magType":"mlr","type":"earthquake","title":"M 3.6 - 18km S of Trona, CA"},"geometry":{"type":"Point","coordinates":[-117.3878333,35.6021667,6.72]},"id":"ci38460631"},
{"type":"Feature","properties":{"mag":3.96,"place":"24km S of Trona, CA","time":1562403597510,"updated":1569508247040,"tz":null,"url":"https://earthquake.usgs.gov/earthquakes/eventpage/ci38460639","detail":"https://earthquake.usgs.gov/fdsnws/event/1/query?eventid=ci38460639&format=geojson","felt":1,"cdi":2,"mmi":3.54,"alert":null,"status":"reviewed","tsunami":0,"sig":241,"net":"ci","code":"38460639","ids":",ci38460639,us70004dau,","sources":",ci,us,","types":",dyfi,focal-mechanism,nearby-cities,origin,phase-data,scitech-link,shakemap,","nst":34,"dmin":0.03015,"rms":0.17,"gap":71,"magType":"mw","type":"earthquake","title":"M 4.0 - 24km S of Trona, CA"},"geometry":{"type":"Point","coordinates":[-117.3855,35.5498333,3.71]},"id":"ci38460639"},
{"type":"Feature","properties":{"mag":3.59,"place":"20km N of Ridgecrest, CA","time":1562405063070,"updated":1583878331674,"tz":null,"url":"https://earthquake.usgs.gov/earthquakes/eventpage/ci38460927","detail":"https://earthquake.usgs.gov/fdsnws/event/1/query?eventid=ci38460927&format=geojson","felt":0,"cdi":1,"mmi":3.99,"alert":null,"status":"reviewed","tsunami":0,"sig":198,"net":"ci","code":"38460927","ids":",ci38460927,us70004c93,","sources":",ci,us,","types":",dyfi,nearby-cities,origin,phase-data,scitech-link,shakemap,","nst":36,"dmin":0.0381,"rms":0.22,"gap":53,"magType":"mw","type":"earthquake","title":"M 3.6 - 20km N of Ridgecrest, CA"},"geometry":{"type":"Point","coordinates":[-117.641,35.8015,1.2]},"id":"ci38460927"},
{"type":"Feature","properties":{"mag":3.51,"place":"8km E of Ridgecrest, CA","time":1562405228460,"updated":1576088199085,"tz":null,"url":"https://earthquake.usgs.gov/earthquakes/eventpage/ci38460951","detail":"https://earthquake.usgs.gov/fdsnws/event/1/query?eventid=ci38460951&format=geojson","felt":0,"cdi":1,"mmi":5.31,"alert":null,"status":"reviewed","tsunami":0,"sig":190,"net":"ci","code":"38460951","ids":",ci38460951,us70004c99,","sources":",ci,us,","types":",dyfi,nearby-cities,origin,phase-data,scitech-link,shakemap,","nst":34,"dmin":0.104,"rms":0.14,"gap":66,"magType":"ml","type":"earthquake","title":"M 3.5 - 8km E of Ridgecrest, CA"},"geometry":{"type":"Point","coordinates":[-117.5836667,35.6183333,10.78]},"id":"ci38460951"},
{"type":"Feature","properties":{"mag":4.89,"place":"17km ESE of Little Lake, CA","time":1562405308980,"updated":1766427458659,"tz":null,"url":"https://earthquake.usgs.gov/earthquakes/eventpage/ci38460967","detail":"https://earthquake.usgs.gov/fdsnws/event/1/query?eventid=ci38460967&format=geojson","felt":12,"cdi":4.2,"mmi":6.92,"alert":"green","status":"reviewed","tsunami":0,"sig":373,"net":"ci","code":"38460967","ids":",ci38460967,us70004c9d,iscgem616600084,","sources":",ci,us,iscgem,","types":",dyfi,focal-mechanism,losspager,moment-tensor,nearby-cities,origin,phase-data,scitech-link,shakemap,","nst":67,"dmin":0.0896,"rms":0.16,"gap":37,"magType":"mw","type":"earthquake","title":"M 4.9 - 17km ESE of Little Lake, CA"},"geometry":{"type":"Point","coordinates":[-117.7271667,35.898,3.95]},"id":"ci38460967"},
{"type":"Feature","properties":{"mag":4.24,"place":"18km ESE of Little Lake, CA","time":1562405321790,"updated":1583878684083,"tz":null,"url":"https://earthquake.usgs.gov/earthquakes/eventpage/ci37258076","detail":"https://earthquake.usgs.gov/fdsnws/event/1/query?eventid=ci37258076&format=geojson","felt":null,"cdi":null,"mmi":4.76,"alert":null,"status":"reviewed","tsunami":0,"sig":277,"net":"ci","code":"37258076","ids":",ci37258076,","sources":",ci,","types":",nearby-cities,origin,phase-data,shakemap,","nst":25,"dmin":0.08126,"rms":0.16,"gap":64,"magType":"mlr","type":"earthquake","title":"M 4.2 - 18km ESE of Little Lake, CA"},"geometry":{"type":"Point","coordinates":[-117.7168333,35.887,4.78]},"id":"ci37258076"},
{"type":"Feature","properties":{"mag":4.41,"place":"18km ESE of Little Lake, CA","time":1562405360970,"updated":1583886756775,"tz":null,"url":"https://earthquake.usgs.gov/earthquakes/eventpage/ci38460975","detail":"https://earthquake.usgs.gov/fdsnws/event/1/query?eventid=ci38460975&format=geojson","felt":1,"cdi":1,"mmi":6.56,"alert":"green","status":"reviewed","tsunami":0,"sig":299,"net":"ci","code":"38460975","ids":",ci38460975,us70004c9j,","sources":",ci,us,","types":",dyfi,losspager,nearby-cities,origin,phase-data,scitech-link,shakemap,","nst":59,"dmin":0.08204,"rms":0.15,"gap":35,"magType":"mlr","type":"earthquake","title":"M 4.4 - 18km ESE of Little Lake, CA"},"geometry":{"type":"Point","coordinates":[-117.7175,35.8811667,5.5]},"id":"ci38460975"},
{"type":"Feature","properties":{"mag":4.49,"place":"16km E of Little Lake, CA","time":1562405441240,"updated":1569508238040,"tz":null,"url":"https://earthquake.usgs.gov/earthquakes/eventpage/ci38460983","detail":"https://earthquake.usgs.gov/fdsnws/event/1/query?eventid=ci38460983&format=geojson","felt":1,"cdi":3.8,"mmi":6.32,"alert":"green","status":"reviewed","tsunami":0,"sig":311,"net":"ci","code":"38460983","ids":",ci38460983,us70004c9m,","sources":",ci,us,","types":",dyfi,focal-mechanism,losspager,moment-tensor,nearby-cities,origin,phase-data,scitech-link,shakemap,","nst":64,"dmin":0.0766,"rms":0.13,"gap":36,"magType":"mw","type":"earthquake","title":"M 4.5 - 16km E of Little Lake, CA"},"geometry":{"type":"Point","coordinates":[-117.7323333,35.9098333,4.15]},"id":"ci38460983"},
{"type":"Feature","properties":{"mag":3.6,"place":"17km ESE of Little Lake, CA","time":1562405639740,"updated":1576018425513,"tz":null,"url":"https://earthquake.usgs.gov/earthquakes/eventpage/ci38460999","detail":"https://earthquake.usgs.gov/fdsnws/event/1/query?eventid=ci38460999&format=geojson","felt":null,"cdi":null,"mmi":5.5,"alert":null,"status":"reviewed","tsunami":0,"sig":199,"net":"ci","code":"38460999","ids":",ci38460999,nn00691423,us70004c9q,","sources":",ci,nn,us,","types":",focal-mechanism,nearby-cities,origin,phase-data,scitech-link,shakemap,","nst":37,"dmin":0.09289,"rms":0.18,"gap":37,"magType":"mlr","type":"earthquake","title":"M 3.6 - 17km ESE of Little Lake, CA"},"geometry":{"type":"Point","coordinates":[-117.7235,35.8953333,4.91]},"id":"ci38460999"},
{"type":"Feature","properties":{"mag":3.51,"place":"18km ESE of Little Lake, CA","time":1562405667830,"updated":1576018815805,"tz":null,"url":"https://earthquake.usgs.gov/earthquakes/eventpage/ci38461007","detail":"https://earthquake.usgs.gov/fdsnws/event/1/query?eventid=ci38461007&format=geojson","felt":0,"cdi":1,"mmi":5.48,"alert":null,"status":"reviewed","tsunami":0,"sig":190,"net":"ci","code":"38461007","ids":",us70004c9r,ci38461007,","sources":",us,ci,","types":",dyfi,nearby-cities,origin,phase-data,scitech-link,shakemap,","nst":20,"dmin":0.07927,"rms":0.1,"gap":52,"magType":"mlr","type":"earthquake","title":"M 3.5 - 18km ESE of Little Lake, CA"},"geometry":{"type":"Point","coordinates":[-117.7133333,35.8871667,7.69]},"id":"ci38461007"},
{"type":"Feature","properties":{"mag":3.75,"place":"19km ESE of Little Lake, CA","time":1562407166600,"updated":1576091095067,"tz":null,"url":"https://earthquake.usgs.gov/earthquakes/eventpage/ci38461311","detail":"https://earthquake.usgs.gov/fdsnws/event/1/query?eventid=ci38461311&format=geojson","felt":0,"cdi":1,"mmi":6.34,"alert":null,"status":"reviewed","tsunami":0,"sig":216,"net":"ci","code":"38461311","ids":",ci38461311,us70004cbr,","sources":",ci,us,","types":",dyfi,nearby-cities,origin,phase-data,scitech-link,shakemap,","nst":57,"dmin":0.08643,"rms":0.15,"gap":38,"magType":"mw","type":"earthquake","title":"M 3.8 - 19km ESE of Little Lake, CA"},"geometry":{"type":"Point","coordinates":[-117.7105,35.883,7.28]},"id":"ci38461311"},
{"type":"Feature","properties":{"mag":3.52,"place":"15km ESE of Ridgecrest, CA","time":1562407758110,"updated":1576095581481,"tz":null,"url":"https://earthquake.usgs.gov/earthquakes/eventpage/ci38461447","detail":"https://earthquake.usgs.gov/fdsnws/event/1/query?eventid=ci38461447&format=geojson","felt":0,"cdi":1,"mmi":5.19,"alert":null,"status":"reviewed","tsunami":0,"sig":191,"net":"ci","code":"38461447","ids":",ci38461447,us70004ccl,","sources":",ci,us,","types":",dyfi,nearby-cities,origin,phase-data,scitech-link,shakemap,","nst":52,"dmin":0.04653,"rms":0.16,"gap":35,"magType":"ml","type":"earthquake","title":"M 3.5 - 15km ESE of Ridgecrest, CA"},"geometry":{"type":"Point","coordinates":[-117.5176667,35.5755,10.36]},"id":"ci38461447"},
{"type":"Feature","properties":{"mag":3.51,"place":"14km SSW of Searles Valley, CA","time":1562409103930,"updated":1573776288455,"tz":null,"url":"https://earthquake.usgs.gov/earthquakes/eventpage/ci38461655","detail":"https://earthquake.usgs.gov/fdsnws/event/1/query?eventid=ci38461655&format=geojson","felt":null,"cdi":null,"mmi":3.967,"alert":null,"status":"reviewed","tsunami":0,"sig":190,"net":"ci","code":"38461655","ids":",ci38461655,","sources":",ci,","types":",nearby-cities,origin,phase-data,scitech-link,shakemap,","nst":38,"dmin":0.06233,"rms":0.14,"gap":66,"magType":"mlr","type":"earthquake","title":"M 3.5 - 14km SSW of Searles Valley, CA"},"geometry":{"type":"Point","coordinates":[-117.4546667,35.6486667,3.97]},"id":"ci38461655"},
{"type":"Feature","properties":{"mag":3.82,"place":"21km S of Trona, CA","time":1562409447560,"updated":1576096275227,"tz":null,"url":"https://earthquake.usgs.gov/earthquakes/eventpage/ci38461735","detail":"https://earthquake.usgs.gov/fdsnws/event/1/query?eventid=ci38461735&format=geojson","felt":1,"cdi":4.3,"mmi":6.15,"alert":null,"status":"reviewed","tsunami":0,"sig":225,"net":"ci","code":"38461735","ids":",ci38461735,us70004ceb,","sources":",ci,us,","types":",dyfi,nearby-cities,origin,phase-data,scitech-link,shakemap,","nst":36,"dmin":0.05035,"rms":0.16,"gap":35,"magType":"mw","type":"earthquake","title":"M 3.8 - 21km S of Trona, CA"},"geometry":{"type":"Point","coordinates":[-117.3528333,35.5745,2.85]},"id":"ci38461735"},
{"type":"Feature","properties":{"mag":4.04,"place":"21km S of Trona, CA","time":1562410104460,"updated":1611697704725,"tz":null,"url":"https://earthquake.usgs.gov/earthquakes/eventpage/ci38461879","detail":"https://earthquake.usgs.gov/fdsnws/event/1/query?eventid=ci38461879&format=geojson","felt":1,"cdi":3.1,"mmi":6.21,"alert":"green","status":"reviewed","tsunami":0,"sig":251,"net":"ci","code":"38461879","ids":",ci38461879,us70004cex,","sources":",ci,us,","types":",dyfi,focal-mechanism,losspager,moment-tensor,nearby-cities,origin,phase-data,scitech-link,shakemap,","nst":58,"dmin":0.05378,"rms":0.14,"gap":27,"magType":"mw","type":"earthquake","title":"M 4.0 - 21km S of Trona, CA"},"geometry":{"type":"Point","coordinates":[-117.372,35.5785,5.6]},"id":"ci38461879"},
{"type":"Feature","properties":{"mag":3.84,"place":"20km W of Searles Valley, CA","time":1562411203350,"updated":1576097884777,"tz":null,"url":"https://earthquake.usgs.gov/earthquakes/eventpage/ci38462063","detail":"https://earthquake.usgs.gov/fdsnws/event/1/query?eventid=ci38462063&format=geojson","felt":2,"cdi":3.4,"mmi":5.55,"alert":null,"status":"reviewed","tsunami":0,"sig":228,"net":"ci","code":"38462063","ids":",ci38462063,us70004cg3,","sources":",ci,us,","types":",dyfi,nearby-cities,origin,phase-data,scitech-link,shakemap,","nst":62,"dmin":0.02828,"rms":0.15,"gap":42,"magType":"mw","type":"earthquake","title":"M 3.8 - 20km W of Searles Valley, CA"},"geometry":{"type":"Point","coordinates":[-117.621,35.7948333,4.82]},"id":"ci38462063"},
{"type":"Feature","properties":{"mag":3.68,"place":"15km SSW of Searles Valley, CA","time":1562411720710,"updated":1576098606991,"tz":null,"url":"https://earthquake.usgs.gov/earthquakes/eventpage/ci38462175","detail":"https://earthquake.usgs.gov/fdsnws/event/1/query?eventid=ci38462175&format=geojson","felt":0,"cdi":1,"mmi":4.91,"alert":null,"status":"reviewed","tsunami":0,"sig":208,"net":"ci","code":"38462175","ids":",ci38462175,us70004cgj,","sources":",ci,us,","types":",dyfi,nearby-cities,origin,phase-data,scitech-link,shakemap,","nst":37,"dmin":0.05944,"rms":0.16,"gap":66,"magType":"mw","type":"earthquake","title":"M 3.7 - 15km SSW of Searles Valley, CA"},"geometry":{"type":"Point","coordinates":[-117.4656667,35.646,-0.13]},"id":"ci38462175"},
{"type":"Feature","properties":{"mag":4.12,"place":"16km ESE of Little Lake, CA","time":1562413988090,"updated":1569508241040,"tz":null,"url":"https://earthquake.usgs.gov/earthquakes/eventpage/ci38462679","detail":"https://earthquake.usgs.gov/fdsnws/event/1/query?eventid=ci38462679&format=geojson","felt":1,"cdi":3.4,"mmi":6.02,"alert":"green","status":"reviewed","tsunami":0,"sig":261,"net":"ci","code":"38462679","ids":",ci38462679,us70004cit,","sources":",ci,us,","types":",dyfi,focal-mechanism,losspager,moment-tensor,nearby-cities,origin,phase-data,scitech-link,shakemap,","nst":53,"dmin":0.08557,"rms":0.14,"gap":35,"magType":"mw","type":"earthquake","title":"M 4.1 - 16km ESE of Little Lake, CA"},"geometry":{"type":"Point","coordinates":[-117.7336667,35.8953333,2.1]},"id":"ci38462679"},
{"type":"Feature","properties":{"mag":3.57,"place":"23km N of Ridgecrest, CA","time":1562414700770,"updated":1578361004810,"tz":null,"url":"https://earthquake.usgs.gov/earthquakes/eventpage/ci38462839","detail":"https://earthquake.usgs.gov/fdsnws/event/1/query?eventid=ci38462839&format=geojson","felt":null,"cdi":null,"mmi":3.8,"alert":null,"status":"reviewed","tsunami":0,"sig":196,"net":"ci","code":"38462839","ids":",ci38462839,us70004cjd,","sources":",ci,us,","types":",nearby-cities,origin,phase-data,scitech-link,shakemap,","nst":38,"dmin":0.05185,"rms":0.14,"gap":27,"magType":"mlr","type":"earthquake","title":"M 3.6 - 23km N of Ridgecrest, CA"},"geometry":{"type":"Point","coordinates":[-117.6605,35.824,6.32]},"id":"ci38462839"},
{"type":"Feature","properties":{"mag":4.5,"place":"18km E of Little Lake, CA","time":1562418415260,"updated":1569508242040,"tz":null,"url":"https://earthquake.usgs.gov/earthquakes/eventpage/ci38463551","detail":"https://earthquake.usgs.gov/fdsnws/event/1/query?eventid=ci38463551&format=geojson","felt":8,"cdi":3.1,"mmi":5.56,"alert":"green","status":"reviewed","tsunami":0,"sig":314,"net":"ci","code":"38463551","ids":",ci38463551,us70004cmp,","sources":",ci,us,","types":",dyfi,focal-mechanism,losspager,moment-tensor,nearby-cities,origin,phase-data,scitech-link,shakemap,","nst":64,"dmin":0.04844,"rms":0.16,"gap":34,"magType":"mw","type":"earthquake","title":"M 4.5 - 18km E of Little Lake, CA"},"geometry":{"type":"Point","coordinates":[-117.705,35.9283333,2.37]},"id":"ci38463551"},
{"type":"Feature","properties":{"mag":3.65,"place":"13km SW of Searles Valley, CA","time":1562419979500,"updated":1659969300951,"tz":null,"url":"https://earthquake.usgs.gov/earthquakes/eventpage/ci38463791","detail":"https://earthquake.usgs.gov/fdsnws/event/1/query?eventid=ci38463791&format=geojson","felt":2,"cdi":4.8,"mmi":4.87,"alert":null,"status":"reviewed","tsunami":0,"sig":206,"net":"ci","code":"38463791","ids":",us70004cnq,ci38463791,","sources":",us,ci,","types":",dyfi,nearby-cities,origin,phase-data,scitech-link,shakemap,","nst":42,"dmin":0.09178,"rms":0.14,"gap":47,"magType":"mw","type":"earthquake","title":"M 3.7 - 13km SW of Searles Valley, CA"},"geometry":{"type":"Point","coordinates":[-117.4873333,35.6761667,1.6]},"id":"ci38463791"},
{"type":"Feature","properties":{"mag":3.64,"place":"18km SSW of Searles Valley, CA","time":1562420598740,"updated":1576171955450,"tz":null,"url":"https://earthquake.usgs.gov/earthquakes/eventpage/ci38463911","detail":"https://earthquake.usgs.gov/fdsnws/event/1/query?eventid=ci38463911&format=geojson","felt":1,"cdi":2,"mmi":5.51,"alert":null,"status":"reviewed","tsunami":0,"sig":204,"net":"ci","code":"38463911","ids":",ci38463911,us70004cpf,","sources":",ci,us,","types":",dyfi,nearby-cities,origin,phase-data,scitech-link,shakemap,","nst":68,"dmin":0.03168,"rms":0.14,"gap":30,"magType":"mw","type":"earthquake","title":"M 3.6 - 18km SSW of Searles Valley, CA"},"geometry":{"type":"Point","coordinates":[-117.4755,35.6163333,8.8]},"id":"ci38463911"},
{"type":"Feature","properties":{"mag":3.54,"place":"20km ESE of Little Lake, CA","time":1562421351090,"updated":1576172892657,"tz":null,"url":"https://earthquake.usgs.gov/earthquakes/eventpage/ci38464047","detail":"https://earthquake.usgs.gov/fdsnws/event/1/query?eventid=ci38464047&format=geojson","felt":1,"cdi":2,"mmi":5.41,"alert":null,"status":"reviewed","tsunami":0,"sig":193,"net":"ci","code":"38464047","ids":",ci38464047,us70004cq6,","sources":",ci,us,","types":",dyfi,nearby-cities,origin,phase-data,scitech-link,shakemap,","nst":55,"dmin":0.07672,"rms":0.14,"gap":32,"magType":"mw","type":"earthquake","title":"M 3.5 - 20km ESE of Little Lake, CA"},"geometry":{"type":"Point","coordinates":[-117.705,35.868,7.89]},"id":"ci38464047"},
{"type":"Feature","properties":{"mag":3.58,"place":"12km ENE of Coso Junction, CA","time":1562427946040,"updated":1576173706407,"tz":null,"url":"https://earthquake.usgs.gov/earthquakes/eventpage/ci38465239","detail":"https://earthquake.usgs.gov/fdsnws/event/1/query?eventid=ci38465239&format=geojson","felt":0,"cdi":1,"mmi":4.82,"alert":null,"status":"reviewed","tsunami":0,"sig":197,"net":"ci","code":"38465239","ids":",ci38465239,us70004cwn,","sources":",ci,us,","types":",dyfi,nearby-cities,origin,phase-data,scitech-link,shakemap,","nst":50,"dmin":0.02899,"rms":0.16,"gap":28,"magType":"mw","type":"earthquake","title":"M 3.6 - 12km ENE of Coso Junction, CA"},"geometry":{"type":"Point","coordinates":[-117.827,36.0993333,2.51]},"id":"ci38465239"},
{"type":"Feature","properties":{"mag":3.55,"place":"20km ESE of Little Lake, CA","time":1562428769290,"updated":1576174386997,"tz":null,"url":"https://earthquake.usgs.gov/earthquakes/eventpage/ci38465351","detail":"https://earthquake.usgs.gov/fdsnws/event/1/query?eventid=ci38465351&format=geojson","felt":0,"cdi":1,"mmi":4.58,"alert":null,"status":"reviewed","tsunami":0,"sig":194,"net":"ci","code":"38465351","ids":",ci38465351,us70004cx9,","sources":",ci,us,","types":",dyfi,nearby-cities,origin,phase-data,scitech-link,shakemap,","nst":52,"dmin":0.08049,"rms":0.15,"gap":38,"magType":"ml","type":"earthquake","title":"M 3.6 - 20km ESE of Little Lake, CA"},"geometry":{"type":"Point","coordinates":[-117.6976667,35.877,2.33]},"id":"ci38465351"},
{"type":"Feature","properties":{"mag":4.14,"place":"15km ESE of Ridgecrest, CA","time":1562430965820,"updated":1574206055269,"tz":null,"url":"https://earthquake.usgs.gov/earthquakes/eventpage/ci38465703","detail":"https://earthquake.usgs.gov/fdsnws/event/1/query?eventid=ci38465703&format=geojson","felt":10,"cdi":4.3,"mmi":5.58,"alert":"green","status":"reviewed","tsunami":0,"sig":268,"net":"ci","code":"38465703","ids":",ci38465703,us70004cyv,","sources":",ci,us,","types":",dyfi,focal-mechanism,losspager,moment-tensor,nearby-cities,origin,phase-data,scitech-link,shakemap,","nst":58,"dmin":0.05207,"rms":0.17,"gap":37,"magType":"mw","type":"earthquake","title":"M 4.1 - 15km ESE of Ridgecrest, CA"},"geometry":{"type":"Point","coordinates":[-117.523,35.5705,10.05]},"id":"ci38465703"},
{"type":"Feature","properties":{"mag":3.51,"place":"19km ESE of Little Lake, CA","time":1562431325120,"updated":1663985108990,"tz":null,"url":"https://earthquake.usgs.gov/earthquakes/eventpage/ci38465759","detail":"https://earthquake.usgs.gov/fdsnws/event/1/query?eventid=ci38465759&format=geojson","felt":1,"cdi":0,"mmi":4.98,"alert":null,"status":"reviewed","tsunami":0,"sig":190,"net":"ci","code":"38465759","ids":",ci38465759,us70004czd,","sources":",ci,us,","types":",dyfi,nearby-cities,origin,phase-data,scitech-link,shakemap,","nst":49,"dmin":0.08231,"rms":0.13,"gap":37,"magType":"ml","type":"earthquake","title":"M 3.5 - 19km ESE of Little Lake, CA"},"geometry":{"type":"Point","coordinates":[-117.7121667,35.879,4.55]},"id":"ci38465759"},
{"type":"Feature","properties":{"mag":3.98,"place":"19km ESE of Little Lake, CA","time":1562434893190,"updated":1569508245040,"tz":null,"url":"https://earthquake.usgs.gov/earthquakes/eventpage/ci38466343","detail":"https://earthquake.usgs.gov/fdsnws/event/1/query?eventid=ci38466343&format=geojson","felt":9,"cdi":4.2,"mmi":5.85,"alert":null,"status":"reviewed","tsunami":0,"sig":247,"net":"ci","code":"38466343","ids":",ci38466343,us70004d2a,","sources":",ci,us,","types":",dyfi,focal-mechanism,moment-tensor,nearby-cities,origin,phase-data,scitech-link,shakemap,","nst":62,"dmin":0.07409,"rms":0.14,"gap":31,"magType":"mw","type":"earthquake","title":"M 4.0 - 19km ESE of Little Lake, CA"},"geometry":{"type":"Point","coordinates":[-117.7168333,35.8716667,7.74]},"id":"ci38466343"},
{"type":"Feature","properties":{"mag":3.96,"place":"16km ESE of Little Lake, CA","time":1562435954790,"updated":1619113791671,"tz":null,"url":"https://earthquake.usgs.gov/earthquakes/eventpage/ci38466495","detail":"https://earthquake.usgs.gov/fdsnws/event/1/query?eventid=ci38466495&format=geojson","felt":5,"cdi":3.1,"mmi":5.54,"alert":null,"status":"reviewed","tsunami":0,"sig":243,"net":"ci","code":"38466495","ids":",ci38466495,us70004d30,","sources":",ci,us,","types":",dyfi,moment-tensor,nearby-cities,origin,phase-data,scitech-link,shakemap,","nst":59,"dmin":0.07878,"rms":0.11,"gap":37,"magType":"mw","type":"earthquake","title":"M 4.0 - 16km ESE of Little Lake, CA"},"geometry":{"type":"Point","coordinates":[-117.7295,35.9021667,4.27]},"id":"ci38466495"},
{"type":"Feature","properties":{"mag":3.55,"place":"29km ENE of Johannesburg, CA","time":1562437179620,"updated":1576019449670,"tz":null,"url":"https://earthquake.usgs.gov/earthquakes/eventpage/ci38466623","detail":"https://earthquake.usgs.gov/fdsnws/event/1/query?eventid=ci38466623&format=geojson","felt":7,"cdi":3.8,"mmi":5.54,"alert":null,"status":"reviewed","tsunami":0,"sig":197,"net":"ci","code":"38466623","ids":",ci38466623,us70004d3w,","sources":",ci,us,","types":",dyfi,nearby-cities,origin,phase-data,scitech-link,shakemap,","nst":45,"dmin":0.06926,"rms":0.14,"gap":44,"magType":"ml","type":"earthquake","title":"M 3.6 - 29km ENE of Johannesburg, CA"},"geometry":{"type":"Point","coordinates":[-117.3256667,35.448,4.54]},"id":"ci38466623"},
{"type":"Feature","properties":{"mag":3.72,"place":"16km ESE of Little Lake, CA","time":1562438209990,"updated":1576180792415,"tz":null,"url":"https://earthquake.usgs.gov/earthquakes/eventpage/ci38466775","detail":"https://earthquake.usgs.gov/fdsnws/event/1/query?eventid=ci38466775&format=geojson","felt":0,"cdi":1,"mmi":5.9,"alert":null,"status":"reviewed","tsunami":0,"sig":213,"net":"ci","code":"38466775","ids":",ci38466775,us70004d4p,","sources":",ci,us,","types":",dyfi,nearby-cities,origin,phase-data,scitech-link,shakemap,","nst":58,"dmin":0.07706,"rms":0.14,"gap":36,"magType":"mw","type":"earthquake","title":"M 3.7 - 16km ESE of Little Lake, CA"},"geometry":{"type":"Point","coordinates":[-117.7383333,35.907,2.87]},"id":"ci38466775"},
{"type":"Feature","properties":{"mag":3.87,"place":"14km SSW of Searles Valley, CA","time":1562438786040,"updated":1576181569337,"tz":null,"url":"https://earthquake.usgs.gov/earthquakes/eventpage/ci38466847","detail":"https://earthquake.usgs.gov/fdsnws/event/1/query?eventid=ci38466847&format=geojson","felt":5,"cdi":3.1,"mmi":4.98,"alert":null,"status":"reviewed","tsunami":0,"sig":232,"net":"ci","code":"38466847","ids":",ci38466847,us70004d4w,","sources":",ci,us,","types":",dyfi,nearby-cities,origin,phase-data,scitech-link,shakemap,","nst":47,"dmin":0.06755,"rms":0.13,"gap":64,"magType":"mw","type":"earthquake","title":"M 3.9 - 14km SSW of Searles Valley, CA"},"geometry":{"type":"Point","coordinates":[-117.4648333,35.6541667,1.9]},"id":"ci38466847"},
{"type":"Feature","properties":{"mag":3.51,"place":"13km SW of Searles Valley, CA","time":1562445690750,"updated":1576793323333,"tz":null,"url":"https://earthquake.usgs.gov/earthquakes/eventpage/ci38467815","detail":"https://earthquake.usgs.gov/fdsnws/event/1/query?eventid=ci38467815&format=geojson","felt":12,"cdi":2.7,"mmi":4.102,"alert":null,"status":"reviewed","tsunami":0,"sig":193,"net":"ci","code":"38467815","ids":",ci38467815,us70004d97,","sources":",ci,us,","types":",dyfi,nearby-cities,origin,phase-data,scitech-link,shakemap,","nst":64,"dmin":0.1132,"rms":0.14,"gap":38,"magType":"ml","type":"earthquake","title":"M 3.5 - 13km SW of Searles Valley, CA"},"geometry":{"type":"Point","coordinates":[-117.5133333,35.692,2.71]},"id":"ci38467815"},
{"type":"Feature","properties":{"mag":3.51,"place":"13km NNE of Ridgecrest, CA","time":1562447124590,"updated":1576182620850,"tz":null,"url":"https://earthquake.usgs.gov/earthquakes/eventpage/ci38468007","detail":"https://earthquake.usgs.gov/fdsnws/event/1/query?eventid=ci38468007&format=geojson","felt":7,"cdi":3.8,"mmi":5.02,"alert":null,"status":"reviewed","tsunami":0,"sig":192,"net":"ci","code":"38468007","ids":",ci38468007,us70004d9v,","sources":",ci,us,","types":",dyfi,nearby-cities,origin,phase-data,scitech-link,shakemap,","nst":51,"dmin":0.09496,"rms":0.15,"gap":42,"magType":"ml","type":"earthquake","title":"M 3.5 - 13km NNE of Ridgecrest, CA"},"geometry":{"type":"Point","coordinates":[-117.6026667,35.7206667,10.82]},"id":"ci38468007"},
{"type":"Feature","properties":{"mag":3.71,"place":"12km SW of Searles Valley, CA","time":1562455294140,"updated":1655933929480,"tz":null,"url":"https://earthquake.usgs.gov/earthquakes/eventpage/ci38469079","detail":"https://earthquake.usgs.gov/fdsnws/event/1/query?eventid=ci38469079&format=geojson","felt":7,"cdi":3.8,"mmi":5.43,"alert":null,"status":"reviewed","tsunami":0,"sig":214,"net":"ci","code":"38469079","ids":",ci38469079,us70004ddh,","sources":",ci,us,","types":",dyfi,nearby-cities,origin,phase-data,scitech-link,shakemap,","nst":55,"dmin":0.1196,"rms":0.14,"gap":37,"magType":"mw","type":"earthquake","title":"M 3.7 - 12km SW of Searles Valley, CA"},"geometry":{"type":"Point","coordinates":[-117.5083333,35.7003333,9.09]},"id":"ci38469079"},
{"type":"Feature","properties":{"mag":4.5,"place":"23km N of Ridgecrest, CA","time":1562457041990,"updated":1569508248040,"tz":null,"url":"https://earthquake.usgs.gov/earthquakes/eventpage/ci38469375","detail":"https://earthquake.usgs.gov/fdsnws/event/1/query?eventid=ci38469375&format=geojson","felt":138,"cdi":5.7,"mmi":6.66,"alert":"green","status":"reviewed","tsunami":0,"sig":390,"net":"ci","code":"38469375","ids":",ci38469375,us70004de4,","sources":",ci,us,","types":",dyfi,focal-mechanism,losspager,moment-tensor,nearby-cities,origin,phase-data,scitech-link,shakemap,","nst":69,"dmin":0.05379,"rms":0.14,"gap":28,"magType":"mw","type":"earthquake","title":"M 4.5 - 23km N of Ridgecrest, CA"},"geometry":{"type":"Point","coordinates":[-117.663,35.8235,6.51]},"id":"ci38469375"},
{"type":"Feature","properties":{"mag":3.55,"place":"15km SW of Searles Valley, CA","time":1562461507130,"updated":1576803453669,"tz":null,"url":"https://earthquake.usgs.gov/earthquakes/eventpage/ci38469967","detail":"https://earthquake.usgs.gov/fdsnws/event/1/query?eventid=ci38469967&format=geojson","felt":5,"cdi":3.8,"mmi":3.89,"alert":null,"status":"reviewed","tsunami":0,"sig":196,"net":"ci","code":"38469967","ids":",ci38469967,us70004dfr,","sources":",ci,us,","types":",dyfi,nearby-cities,origin,phase-data,scitech-link,shakemap,","nst":67,"dmin":0.0937,"rms":0.13,"gap":23,"magType":"ml","type":"earthquake","title":"M 3.6 - 15km SW of Searles Valley, CA"},"geometry":{"type":"Point","coordinates":[-117.516,35.6695,5.05]},"id":"ci38469967"},
{"type":"Feature","properties":{"mag":3.6,"place":"14km W of Searles Valley, CA","time":1562465164700,"updated":1576185146498,"tz":null,"url":"https://earthquake.usgs.gov/earthquakes/eventpage/ci38470415","detail":"https://earthquake.usgs.gov/fdsnws/event/1/query?eventid=ci38470415&format=geojson","felt":4,"cdi":3.8,"mmi":5.35,"alert":null,"status":"reviewed","tsunami":0,"sig":201,"net":"ci","code":"38470415","ids":",ci38470415,us70004dgl,","sources":",ci,us,","types":",dyfi,nearby-cities,origin,phase-data,scitech-link,shakemap,","nst":45,"dmin":0.06246,"rms":0.21,"gap":57,"magType":"mw","type":"earthquake","title":"M 3.6 - 14km W of Searles Valley, CA"},"geometry":{"type":"Point","coordinates":[-117.5621667,35.7601667,10.75]},"id":"ci38470415"},
{"type":"Feature","properties":{"mag":3.64,"place":"19km E of Ridgecrest, CA","time":1562465821710,"updated":1576186141927,"tz":null,"url":"https://earthquake.usgs.gov/earthquakes/eventpage/ci38470471","detail":"https://earthquake.usgs.gov/fdsnws/event/1/query?eventid=ci38470471&format=geojson","felt":5,"cdi":2.7,"mmi":4.81,"alert":null,"status":"reviewed","tsunami":0,"sig":205,"net":"ci","code":"38470471","ids":",ci38470471,us70004dgs,","sources":",ci,us,","types":",dyfi,nearby-cities,origin,phase-data,scitech-link,shakemap,","nst":63,"dmin":0.01738,"rms":0.14,"gap":40,"magType":"mw","type":"earthquake","title":"M 3.6 - 19km E of Ridgecrest, CA"},"geometry":{"type":"Point","coordinates":[-117.4668333,35.6035,2.83]},"id":"ci38470471"},
{"type":"Feature","properties":{"mag":3.62,"place":"16km NNE of Ridgecrest, CA","time":1562469192460,"updated":1576187356188,"tz":null,"url":"https://earthquake.usgs.gov/earthquakes/eventpage/ci38470999","detail":"https://earthquake.usgs.gov/fdsnws/event/1/query?eventid=ci38470999&format=geojson","felt":3,"cdi":2.7,"mmi":6.05,"alert":null,"status":"reviewed","tsunami":0,"sig":202,"net":"ci","code":"38470999","ids":",ci38470999,us70004dhw,","sources":",ci,us,","types":",dyfi,nearby-cities,origin,phase-data,scitech-link,shakemap,","nst":62,"dmin":0.06661,"rms":0.15,"gap":43,"magType":"mw","type":"earthquake","title":"M 3.6 - 16km NNE of Ridgecrest, CA"},"geometry":{"type":"Point","coordinates":[-117.5956667,35.749,10.05]},"id":"ci38470999"},
{"type":"Feature","properties":{"mag":4.53,"place":"16km W of Searles Valley, CA","time":1562477895480,"updated":1636498662940,"tz":null,"url":"https://earthquake.usgs.gov/earthquakes/eventpage/ci38472279","detail":"https://earthquake.usgs.gov/fdsnws/event/1/query?eventid=ci38472279&format=geojson","felt":180,"cdi":4.8,"mmi":6.18,"alert":"green","status":"reviewed","tsunami":0,"sig":402,"net":"ci","code":"38472279","ids":",ci38472279,us70004dlx,","sources":",ci,us,","types":",dyfi,focal-mechanism,losspager,moment-tensor,nearby-cities,origin,phase-data,scitech-link,shakemap,","nst":77,"dmin":0.04985,"rms":0.16,"gap":44,"magType":"mw","type":"earthquake","title":"M 4.5 - 16km W of Searles Valley, CA"},"geometry":{"type":"Point","coordinates":[-117.5781667,35.7683333,10.45]},"id":"ci38472279"},
{"type":"Feature","properties":{"mag":3.5,"place":"15km ENE of Ridgecrest, CA","time":1562479626460,"updated":1655401489167,"tz":null,"url":"https://earthquake.usgs.gov/earthquakes/eventpage/ci38472463","detail":"https://earthquake.usgs.gov/fdsnws/event/1/query?eventid=ci38472463&format=geojson","felt":3,"cdi":3.1,"mmi":5.39,"alert":null,"status":"reviewed","tsunami":0,"sig":189,"net":"ci","code":"38472463","ids":",us70004dmq,ci38472463,","sources":",us,ci,","types":",dyfi,nearby-cities,origin,phase-data,scitech-link,shakemap,","nst":69,"dmin":0.0941,"rms":0.13,"gap":37,"magType":"mlr","type":"earthquake","title":"M 3.5 - 15km ENE of Ridgecrest, CA"},"geometry":{"type":"Point","coordinates":[-117.524,35.6661667,9.04]},"id":"ci38472463"},
{"type":"Feature","properties":{"mag":3.6,"place":"17km S of Searles Valley, CA","time":1562483378840,"updated":1576189555547,"tz":null,"url":"https://earthquake.usgs.gov/earthquakes/eventpage/ci38473039","detail":"https://earthquake.usgs.gov/fdsnws/event/1/query?eventid=ci38473039&format=geojson","felt":10,"cdi":3.8,"mmi":5.24,"alert":null,"status":"reviewed","tsunami":0,"sig":203,"net":"ci","code":"38473039","ids":",ci38473039,us70004dpb,","sources":",ci,us,","types":",dyfi,nearby-cities,origin,phase-data,scitech-link,shakemap,","nst":68,"dmin":0.03562,"rms":0.12,"gap":24,"magType":"mlr","type":"earthquake","title":"M 3.6 - 17km S of Searles Valley, CA"},"geometry":{"type":"Point","coordinates":[-117.4385,35.6165,3.27]},"id":"ci38473039"},
{"type":"Feature","properties":{"mag":3.68,"place":"10km ENE of Coso Junction, CA","time":1562486605610,"updated":1576196117550,"tz":null,"url":"https://earthquake.usgs.gov/earthquakes/eventpage/ci38473511","detail":"https://earthquake.usgs.gov/fdsnws/event/1/query?eventid=ci38473511&format=geojson","felt":null,"cdi":null,"mmi":4.4,"alert":null,"status":"reviewed","tsunami":0,"sig":208,"net":"ci","code":"38473511","ids":",ci38473511,us70004dqs,","sources":",ci,us,","types":",nearby-cities,origin,phase-data,scitech-link,shakemap,","nst":54,"dmin":0.03168,"rms":0.15,"gap":51,"magType":"mw","type":"earthquake","title":"M 3.7 - 10km ENE of Coso Junction, CA"},"geometry":{"type":"Point","coordinates":[-117.8508333,36.086,1.24]},"id":"ci38473511"},
{"type":"Feature","properties":{"mag":3.5,"place":"18km E of Little Lake, CA","time":1562490601710,"updated":1576197612035,"tz":null,"url":"https://earthquake.usgs.gov/earthquakes/eventpage/ci38474127","detail":"https://earthquake.usgs.gov/fdsnws/event/1/query?eventid=ci38474127&format=geojson","felt":null,"cdi":null,"mmi":4.84,"alert":null,"status":"reviewed","tsunami":0,"sig":188,"net":"ci","code":"38474127","ids":",ci38474127,us70004dss,","sources":",ci,us,","types":",nearby-cities,origin,phase-data,scitech-link,shakemap,","nst":39,"dmin":0.08261,"rms":0.13,"gap":47,"magType":"mw","type":"earthquake","title":"M 3.5 - 18km E of Little Lake, CA"},"geometry":{"type":"Point","coordinates":[-117.7033333,35.9311667,2.57]},"id":"ci38474127"},
{"type":"Feature","properties":{"mag":4.16,"place":"18km WNW of Searles Valley, CA","time":1562498536240,"updated":1666892900284,"tz":null,"url":"https://earthquake.usgs.gov/earthquakes/eventpage/ci38475431","detail":"https://earthquake.usgs.gov/fdsnws/event/1/query?eventid=ci38475431&format=geojson","felt":24,"cdi":4.1,"mmi":4.86,"alert":"green","status":"reviewed","tsunami":0,"sig":276,"net":"ci","code":"38475431","ids":",ci38475431,us70004dv4,","sources":",ci,us,","types":",dyfi,focal-mechanism,losspager,moment-tensor,nearby-cities,origin,phase-data,scitech-link,shakemap,","nst":50,"dmin":0.01045,"rms":0.16,"gap":43,"magType":"mw","type":"earthquake","title":"M 4.2 - 18km WNW of Searles Valley, CA"},"geometry":{"type":"Point","coordinates":[-117.594,35.8056667,10.06]},"id":"ci38475431"},
{"type":"Feature","properties":{"mag":3.6,"place":"18km E of Little Lake, CA","time":1562510800570,"updated":1576198798883,"tz":null,"url":"https://earthquake.usgs.gov/earthquakes/eventpage/ci38476855","detail":"https://earthquake.usgs.gov/fdsnws/event/1/query?eventid=ci38476855&format=geojson","felt":37,"cdi":3.1,"mmi":4.92,"alert":null,"status":"reviewed","tsunami":0,"sig":211,"net":"ci","code":"38476855","ids":",ci38476855,us70004dys,","sources":",ci,us,","types":",dyfi,nearby-cities,origin,phase-data,scitech-link,shakemap,","nst":56,"dmin":0.05978,"rms":0.15,"gap":36,"magType":"mw","type":"earthquake","title":"M 3.6 - 18km E of Little Lake, CA"},"geometry":{"type":"Point","coordinates":[-117.7108333,35.9136667,2.37]},"id":"ci38476855"},
{"type":"Feature","properties":{"mag":3.56,"place":"22km N of Ridgecrest, CA","time":1562514491730,"updated":1576883079141,"tz":null,"url":"https://earthquake.usgs.gov/earthquakes/eventpage/ci38477303","detail":"https://earthquake.usgs.gov/fdsnws/event/1/query?eventid=ci38477303&format=geojson","felt":3,"cdi":3.4,"mmi":4.94,"alert":null,"status":"reviewed","tsunami":0,"sig":196,"net":"ci","code":"38477303","ids":",ci38477303,us70004e0h,","sources":",ci,us,","types":",dyfi,nearby-cities,origin,phase-data,scitech-link,shakemap,","nst":63,"dmin":0.04989,"rms":0.12,"gap":29,"magType":"ml","type":"earthquake","title":"M 3.6 - 22km N of Ridgecrest, CA"},"geometry":{"type":"Point","coordinates":[-117.6583333,35.8225,6.67]},"id":"ci38477303"},
{"type":"Feature","properties":{"mag":3.59,"place":"19km S of Searles Valley, CA","time":1562525402290,"updated":1637182828080,"tz":null,"url":"https://earthquake.usgs.gov/earthquakes/eventpage/ci38478703","detail":"https://earthquake.usgs.gov/fdsnws/event/1/query?eventid=ci38478703&format=geojson","felt":4,"cdi":3.8,"mmi":6.12,"alert":null,"status":"reviewed","tsunami":0,"sig":200,"net":"ci","code":"38478703","ids":",ci38478703,us70004e57,","sources":",ci,us,","types":",dyfi,nearby-cities,origin,phase-data,scitech-link,shakemap,","nst":69,"dmin":0.02977,"rms":0.14,"gap":26,"magType":"mw","type":"earthquake","title":"M 3.6 - 19km S of Searles Valley, CA"},"geometry":{"type":"Point","coordinates":[-117.4283333,35.5976667,6.07]},"id":"ci38478703"},
{"type":"Feature","properties":{"mag":3.79,"place":"20km E of Little Lake, CA","time":1562534129660,"updated":1581373460024,"tz":null,"url":"https://earthquake.usgs.gov/earthquakes/eventpage/ci38479967","detail":"https://earthquake.usgs.gov/fdsnws/event/1/query?eventid=ci38479967&format=geojson","felt":8,"cdi":3.1,"mmi":4.66,"alert":null,"status":"reviewed","tsunami":0,"sig":223,"net":"ci","code":"38479967","ids":",ci38479967,us70004e9b,","sources":",ci,us,","types":",dyfi,moment-tensor,nearby-cities,origin,phase-data,scitech-link,shakemap,","nst":61,"dmin":0.03208,"rms":0.16,"gap":32,"magType":"mw","type":"earthquake","title":"M 3.8 - 20km E of Little Lake, CA"},"geometry":{"type":"Point","coordinates":[-117.6898333,35.9458333,2.42]},"id":"ci38479967"},
{"type":"Feature","properties":{"mag":3.52,"place":"15km SW of Searles Valley, CA","time":1562538801390,"updated":1581373679830,"tz":null,"url":"https://earthquake.usgs.gov/earthquakes/eventpage/ci38480447","detail":"https://earthquake.usgs.gov/fdsnws/event/1/query?eventid=ci38480447&format=geojson","felt":4,"cdi":2.2,"mmi":4.264,"alert":null,"status":"reviewed","tsunami":0,"sig":192,"net":"ci","code":"38480447","ids":",ci38480447,us70004eb1,","sources":",ci,us,","types":",dyfi,nearby-cities,origin,phase-data,scitech-link,shakemap,","nst":66,"dmin":0.05258,"rms":0.15,"gap":37,"magType":"ml","type":"earthquake","title":"M 3.5 - 15km SW of Searles Valley, CA"},"geometry":{"type":"Point","coordinates":[-117.529,35.683,1.46]},"id":"ci38480447"},
{"type":"Feature","properties":{"mag":3.93,"place":"23km N of Ridgecrest, CA","time":1562542616940,"updated":1637182645280,"tz":null,"url":"https://earthquake.usgs.gov/earthquakes/eventpage/ci38480919","detail":"https://earthquake.usgs.gov/fdsnws/event/1/query?eventid=ci38480919&format=geojson","felt":23,"cdi":3.8,"mmi":6.48,"alert":null,"status":"reviewed","tsunami":0,"sig":246,"net":"ci","code":"38480919","ids":",ci38480919,us70004ecp,","sources":",ci,us,","types":",dyfi,nearby-cities,origin,phase-data,scitech-link,shakemap,","nst":66,"dmin":0.0595,"rms":0.15,"gap":22,"magType":"mw","type":"earthquake","title":"M 3.9 - 23km N of Ridgecrest, CA"},"geometry":{"type":"Point","coordinates":[-117.6685,35.8303333,4.97]},"id":"ci38480919"},
{"type":"Feature","properties":{"mag":3.76,"place":"10km NE of Coso Junction, CA","time":1562549818300,"updated":1637706745810,"tz":null,"url":"https://earthquake.usgs.gov/earthquakes/eventpage/ci38481735","detail":"https://earthquake.usgs.gov/fdsnws/event/1/query?eventid=ci38481735&format=geojson","felt":null,"cdi":null,"mmi":4.66,"alert":null,"status":"reviewed","tsunami":0,"sig":218,"net":"ci","code":"38481735","ids":",ci38481735,us70004ee3,","sources":",ci,us,","types":",focal-mechanism,nearby-cities,origin,phase-data,scitech-link,shakemap,","nst":61,"dmin":0.02182,"rms":0.16,"gap":53,"magType":"mw","type":"earthquake","title":"M 3.8 - 10km NE of Coso Junction, CA"},"geometry":{"type":"Point","coordinates":[-117.8813333,36.1135,4.97]},"id":"ci38481735"},
{"type":"Feature","properties":{"mag":3.5,"place":"19km E of Little Lake, CA","time":1562549827910,"updated":1637706206505,"tz":null,"url":"https://earthquake.usgs.gov/earthquakes/eventpage/ci37264764","detail":"https://earthquake.usgs.gov/fdsnws/event/1/query?eventid=ci37264764&format=geojson","felt":null,"cdi":null,"mmi":3.549,"alert":null,"status":"reviewed","tsunami":0,"sig":188,"net":"ci","code":"37264764","ids":",ci37264764,","sources":",ci,","types":",nearby-cities,origin,phase-data,shakemap,","nst":25,"dmin":0.05796,"rms":0.13,"gap":45,"magType":"ml","type":"earthquake","title":"M 3.5 - 19km E of Little Lake, CA"},"geometry":{"type":"Point","coordinates":[-117.6978333,35.9045,9.08]},"id":"ci37264764"},
{"type":"Feature","properties":{"mag":3.56,"place":"24km S of Trona, CA","time":1562570314580,"updated":1637706675630,"tz":null,"url":"https://earthquake.usgs.gov/earthquakes/eventpage/ci38484231","detail":"https://earthquake.usgs.gov/fdsnws/event/1/query?eventid=ci38484231&format=geojson","felt":3,"cdi":3.4,"mmi":4.266,"alert":null,"status":"reviewed","tsunami":0,"sig":196,"net":"ci","code":"38484231","ids":",ci38484231,us70004ejx,","sources":",ci,us,","types":",dyfi,focal-mechanism,nearby-cities,origin,phase-data,scitech-link,shakemap,","nst":70,"dmin":0.02683,"rms":0.17,"gap":27,"magType":"ml","type":"earthquake","title":"M 3.6 - 24km S of Trona, CA"},"geometry":{"type":"Point","coordinates":[-117.377,35.5498333,2.6]},"id":"ci38484231"},
{"type":"Feature","properties":{"mag":3.55,"place":"14km NNE of Coso Junction, CA","time":1562571118400,"updated":1637706486420,"tz":null,"url":"https://earthquake.usgs.gov/earthquakes/eventpage/ci38484311","detail":"https://earthquake.usgs.gov/fdsnws/event/1/query?eventid=ci38484311&format=geojson","felt":2,"cdi":2.2,"mmi":4.71,"alert":null,"status":"reviewed","tsunami":0,"sig":194,"net":"ci","code":"38484311","ids":",ci38484311,us70004ekf,","sources":",ci,us,","types":",dyfi,focal-mechanism,nearby-cities,origin,phase-data,scitech-link,shakemap,","nst":64,"dmin":0.04192,"rms":0.17,"gap":51,"magType":"ml","type":"earthquake","title":"M 3.6 - 14km NNE of Coso Junction, CA"},"geometry":{"type":"Point","coordinates":[-117.8738333,36.1566667,2.63]},"id":"ci38484311"},
{"type":"Feature","properties":{"mag":3.9,"place":"12km NE of Coso Junction, CA","time":1562574002410,"updated":1637707090600,"tz":null,"url":"https://earthquake.usgs.gov/earthquakes/eventpage/ci38484631","detail":"https://earthquake.usgs.gov/fdsnws/event/1/query?eventid=ci38484631&format=geojson","felt":6,"cdi":3.1,"mmi":5.05,"alert":null,"status":"reviewed","tsunami":0,"sig":236,"net":"ci","code":"38484631","ids":",ci38484631,us70004elg,","sources":",ci,us,","types":",dyfi,focal-mechanism,moment-tensor,nearby-cities,origin,phase-data,scitech-link,shakemap,","nst":68,"dmin":0.003887,"rms":0.17,"gap":51,"magType":"mw","type":"earthquake","title":"M 3.9 - 12km NE of Coso Junction, CA"},"geometry":{"type":"Point","coordinates":[-117.8575,36.1208333,3.71]},"id":"ci38484631"},
{"type":"Feature","properties":{"mag":3.5,"place":"14km SSW of Searles Valley, CA","time":1562579830970,"updated":1637706344470,"tz":null,"url":"https://earthquake.usgs.gov/earthquakes/eventpage/ci38485391","detail":"https://earthquake.usgs.gov/fdsnws/event/1/query?eventid=ci38485391&format=geojson","felt":15,"cdi":4.1,"mmi":5.52,"alert":null,"status":"reviewed","tsunami":0,"sig":195,"net":"ci","code":"38485391","ids":",ci38485391,us70004emg,","sources":",ci,us,","types":",dyfi,focal-mechanism,nearby-cities,origin,phase-data,scitech-link,shakemap,","nst":79,"dmin":0.03294,"rms":0.15,"gap":24,"magType":"mw","type":"earthquake","title":"M 3.5 - 14km SSW of Searles Valley, CA"},"geometry":{"type":"Point","coordinates":[-117.4618333,35.6541667,9.65]},"id":"ci38485391"},
{"type":"Feature","properties":{"mag":3.83,"place":"14km SW of Searles Valley, CA","time":1562601868280,"updated":1655401524940,"tz":null,"url":"https://earthquake.usgs.gov/earthquakes/eventpage/ci38488719","detail":"https://earthquake.usgs.gov/fdsnws/event/1/query?eventid=ci38488719&format=geojson","felt":7,"cdi":4.1,"mmi":5.63,"alert":null,"status":"reviewed","tsunami":0,"sig":229,"net":"ci","code":"38488719","ids":",us70004ety,ci38488719,","sources":",us,ci,","types":",dyfi,focal-mechanism,nearby-cities,origin,phase-data,scitech-link,shakemap,","nst":79,"dmin":0.06689,"rms":0.16,"gap":23,"magType":"mw","type":"earthquake","title":"M 3.8 - 14km SW of Searles Valley, CA"},"geometry":{"type":"Point","coordinates":[-117.5103333,35.678,4.3]},"id":"ci38488719"},
{"type":"Feature","properties":{"mag":3.52,"place":"14km SW of Searles Valley, CA","time":1562608201470,"updated":1637706415550,"tz":null,"url":"https://earthquake.usgs.gov/earthquakes/eventpage/ci38489727","detail":"https://earthquake.usgs.gov/fdsnws/event/1/query?eventid=ci38489727&format=geojson","felt":1,"cdi":2.7,"mmi":4.9,"alert":null,"status":"reviewed","tsunami":0,"sig":191,"net":"ci","code":"38489727","ids":",ci38489727,us70004eya,","sources":",ci,us,","types":",dyfi,focal-mechanism,nearby-cities,origin,phase-data,scitech-link,shakemap,","nst":72,"dmin":0.06245,"rms":0.15,"gap":32,"magType":"mw","type":"earthquake","title":"M 3.5 - 14km SW of Searles Valley, CA"},"geometry":{"type":"Point","coordinates":[-117.5003333,35.6671667,2.43]},"id":"ci38489727"},
{"type":"Feature","properties":{"mag":3.81,"place":"24km SSE of Trona, CA","time":1562608427170,"updated":1637706816840,"tz":null,"url":"https://earthquake.usgs.gov/earthquakes/eventpage/ci38489751","detail":"https://earthquake.usgs.gov/fdsnws/event/1/query?eventid=ci38489751&format=geojson","felt":22,"cdi":4.1,"mmi":5.11,"alert":null,"status":"reviewed","tsunami":0,"sig":232,"net":"ci","code":"38489751","ids":",ci38489751,us70004eyi,","sources":",ci,us,","types":",dyfi,focal-mechanism,nearby-cities,origin,phase-data,scitech-link,shakemap,","nst":84,"dmin":0.05207,"rms":0.16,"gap":28,"magType":"mw","type":"earthquake","title":"M 3.8 - 24km SSE of Trona, CA"},"geometry":{"type":"Point","coordinates":[-117.3123333,35.555,7.7]},"id":"ci38489751"},
{"type":"Feature","properties":{"mag":3.56,"place":"18km NNW of Searles Valley, CA","time":1562644974020,"updated":1581383814506,"tz":null,"url":"https://earthquake.usgs.gov/earthquakes/eventpage/ci38495767","detail":"https://earthquake.usgs.gov/fdsnws/event/1/query?eventid=ci38495767&format=geojson","felt":20,"cdi":3.4,"mmi":5.33,"alert":null,"status":"reviewed","tsunami":0,"sig":202,"net":"ci","code":"38495767","ids":",ci38495767,us70004fgy,","sources":",ci,us,","types":",dyfi,nearby-cities,origin,phase-data,scitech-link,shakemap,","nst":61,"dmin":0.1195,"rms":0.16,"gap":36,"magType":"mw","type":"earthquake","title":"M 3.6 - 18km NNW of Searles Valley, CA"},"geometry":{"type":"Point","coordinates":[-117.4551667,35.9235,7.05]},"id":"ci38495767"},
{"type":"Feature","properties":{"mag":3.58,"place":"19km NNE of Ridgecrest, CA","time":1562660251570,"updated":1638495020950,"tz":null,"url":"https://earthquake.usgs.gov/earthquakes/eventpage/ci38498615","detail":"https://earthquake.usgs.gov/fdsnws/event/1/query?eventid=ci38498615&format=geojson","felt":22,"cdi":3.4,"mmi":5.7,"alert":null,"status":"reviewed","tsunami":0,"sig":205,"net":"ci","code":"38498615","ids":",ci38498615,us70004fkt,","sources":",ci,us,","types":",dyfi,focal-mechanism,nearby-cities,origin,phase-data,scitech-link,shakemap,","nst":75,"dmin":0.01653,"rms":0.15,"gap":42,"magType":"mw","type":"earthquake","title":"M 3.6 - 19km NNE of Ridgecrest, CA"},"geometry":{"type":"Point","coordinates":[-117.6143333,35.782,9.21]},"id":"ci38498615"},
{"type":"Feature","properties":{"mag":3.54,"place":"21km E of Little Lake, CA","time":1562667712370,"updated":1638494889230,"tz":null,"url":"https://earthquake.usgs.gov/earthquakes/eventpage/ci38500135","detail":"https://earthquake.usgs.gov/fdsnws/event/1/query?eventid=ci38500135&format=geojson","felt":2,"cdi":2.7,"mmi":5.07,"alert":null,"status":"reviewed","tsunami":0,"sig":193,"net":"ci","code":"38500135","ids":",ci38500135,us70004fph,","sources":",ci,us,","types":",dyfi,focal-mechanism,moment-tensor,nearby-cities,origin,phase-data,scitech-link,shakemap,","nst":66,"dmin":0.0224,"rms":0.14,"gap":27,"magType":"mw","type":"earthquake","title":"M 3.5 - 21km E of Little Lake, CA"},"geometry":{"type":"Point","coordinates":[-117.6768333,35.9543333,2.04]},"id":"ci38500135"},
{"type":"Feature","properties":{"mag":3.55,"place":"11km SW of Searles Valley, CA","time":1562692288660,"updated":1655401544876,"tz":null,"url":"https://earthquake.usgs.gov/earthquakes/eventpage/ci38504647","detail":"https://earthquake.usgs.gov/fdsnws/event/1/query?eventid=ci38504647&format=geojson","felt":5,"cdi":2,"mmi":5.28,"alert":null,"status":"reviewed","tsunami":0,"sig":195,"net":"ci","code":"38504647","ids":",us70004g0m,ci38504647,","sources":",us,ci,","types":",dyfi,focal-mechanism,nearby-cities,origin,phase-data,scitech-link,shakemap,","nst":82,"dmin":0.0664,"rms":0.15,"gap":23,"magType":"mw","type":"earthquake","title":"M 3.6 - 11km SW of Searles Valley, CA"},"geometry":{"type":"Point","coordinates":[-117.4941667,35.7021667,10.55]},"id":"ci38504647"},
{"type":"Feature","properties":{"mag":4.07,"place":"9km E of Coso Junction, CA","time":1562719697580,"updated":1638402254940,"tz":null,"url":"https://earthquake.usgs.gov/earthquakes/eventpage/ci38509663","detail":"https://earthquake.usgs.gov/fdsnws/event/1/query?eventid=ci38509663&format=geojson","felt":8,"cdi":3.8,"mmi":5.66,"alert":"green","status":"reviewed","tsunami":0,"sig":258,"net":"ci","code":"38509663","ids":",ci38509663,us70004ggd,","sources":",ci,us,","types":",dyfi,losspager,moment-tensor,nearby-cities,origin,phase-data,scitech-link,shakemap,","nst":64,"dmin":0.0605,"rms":0.16,"gap":51,"magType":"mw","type":"earthquake","title":"M 4.1 - 9km E of Coso Junction, CA"},"geometry":{"type":"Point","coordinates":[-117.8471667,36.0571667,1.69]},"id":"ci38509663"},
{"type":"Feature","properties":{"mag":3.96,"place":"20km ESE of Little Lake, CA","time":1562722982630,"updated":1585007970126,"tz":null,"url":"https://earthquake.usgs.gov/earthquakes/eventpage/ci38510319","detail":"https://earthquake.usgs.gov/fdsnws/event/1/query?eventid=ci38510319&format=geojson","felt":8,"cdi":4.6,"mmi":5.42,"alert":null,"status":"reviewed","tsunami":0,"sig":245,"net":"ci","code":"38510319","ids":",ci38510319,us70004ghw,","sources":",ci,us,","types":",dyfi,focal-mechanism,nearby-cities,origin,phase-data,scitech-link,shakemap,","nst":64,"dmin":0.05645,"rms":0.16,"gap":25,"magType":"mw","type":"earthquake","title":"M 4.0 - 20km ESE of Little Lake, CA"},"geometry":{"type":"Point","coordinates":[-117.6901667,35.9015,2.4]},"id":"ci38510319"},
{"type":"Feature","properties":{"mag":3.61,"place":"14km SSW of Searles Valley, CA","time":1562730174900,"updated":1638402186810,"tz":null,"url":"https://earthquake.usgs.gov/earthquakes/eventpage/ci38511719","detail":"https://earthquake.usgs.gov/fdsnws/event/1/query?eventid=ci38511719&format=geojson","felt":28,"cdi":3.4,"mmi":5.49,"alert":null,"status":"reviewed","tsunami":0,"sig":210,"net":"ci","code":"38511719","ids":",ci38511719,us70004gjs,","sources":",ci,us,","types":",dyfi,nearby-cities,origin,phase-data,scitech-link,shakemap,","nst":81,"dmin":0.03063,"rms":0.14,"gap":24,"magType":"mlr","type":"earthquake","title":"M 3.6 - 14km SSW of Searles Valley, CA"},"geometry":{"type":"Point","coordinates":[-117.4493333,35.6426667,10.61]},"id":"ci38511719"},
{"type":"Feature","properties":{"mag":3.69,"place":"9km E of Coso Junction, CA","time":1562742326260,"updated":1638402189010,"tz":null,"url":"https://earthquake.usgs.gov/earthquakes/eventpage/ci38513943","detail":"https://earthquake.usgs.gov/fdsnws/event/1/query?eventid=ci38513943&format=geojson","felt":3,"cdi":2.2,"mmi":5.12,"alert":null,"status":"reviewed","tsunami":0,"sig":210,"net":"ci","code":"38513943","ids":",ci38513943,us70004gly,","sources":",ci,us,","types":",dyfi,nearby-cities,origin,phase-data,scitech-link,shakemap,","nst":65,"dmin":0.05883,"rms":0.16,"gap":52,"magType":"mw","type":"earthquake","title":"M 3.7 - 9km E of Coso Junction, CA"},"geometry":{"type":"Point","coordinates":[-117.849,36.0561667,1.87]},"id":"ci38513943"},
{"type":"Feature","properties":{"mag":3.81,"place":"19km ESE of Little Lake, CA","time":1562760005090,"updated":1638402251820,"tz":null,"url":"https://earthquake.usgs.gov/earthquakes/eventpage/ci38517119","detail":"https://earthquake.usgs.gov/fdsnws/event/1/query?eventid=ci38517119&format=geojson","felt":9,"cdi":3.8,"mmi":5.74,"alert":null,"status":"reviewed","tsunami":0,"sig":227,"net":"ci","code":"38517119","ids":",ci38517119,us70004grj,","sources":",ci,us,","types":",dyfi,moment-tensor,nearby-cities,origin,phase-data,scitech-link,shakemap,","nst":71,"dmin":0.08165,"rms":0.16,"gap":24,"magType":"mw","type":"earthquake","title":"M 3.8 - 19km ESE of Little Lake, CA"},"geometry":{"type":"Point","coordinates":[-117.7076667,35.8758333,5.02]},"id":"ci38517119"},
{"type":"Feature","properties":{"mag":4.18,"place":"8km E of Coso Junction, CA","time":1562761736960,"updated":1639505905122,"tz":null,"url":"https://earthquake.usgs.gov/earthquakes/eventpage/ci38517471","detail":"https://earthquake.usgs.gov/fdsnws/event/1/query?eventid=ci38517471&format=geojson","felt":13,"cdi":3.4,"mmi":5.87,"alert":"green","status":"reviewed","tsunami":0,"sig":273,"net":"ci","code":"38517471","ids":",ci38517471,us70004gry,","sources":",ci,us,","types":",dyfi,losspager,moment-tensor,nearby-cities,origin,phase-data,scitech-link,shakemap,","nst":66,"dmin":0.04984,"rms":0.16,"gap":53,"magType":"mw","type":"earthquake","title":"M 4.2 - 8km E of Coso Junction, CA"},"geometry":{"type":"Point","coordinates":[-117.8566667,36.0495,1.91]},"id":"ci38517471"},
{"type":"Feature","properties":{"mag":3.52,"place":"8km E of Coso Junction, CA","time":1562770386080,"updated":1638545410738,"tz":null,"url":"https://earthquake.usgs.gov/earthquakes/eventpage/ci38519135","detail":"https://earthquake.usgs.gov/fdsnws/event/1/query?eventid=ci38519135&format=geojson","felt":2,"cdi":3.1,"mmi":4.55,"alert":null,"status":"reviewed","tsunami":0,"sig":191,"net":"ci","code":"38519135","ids":",ci38519135,us70004gv2,","sources":",ci,us,","types":",dyfi,nearby-cities,origin,phase-data,scitech-link,shakemap,","nst":64,"dmin":0.04552,"rms":0.16,"gap":52,"magType":"mw","type":"earthquake","title":"M 3.5 - 8km E of Coso Junction, CA"},"geometry":{"type":"Point","coordinates":[-117.8598333,36.046,1.8]},"id":"ci38519135"},
{"type":"Feature","properties":{"mag":3.56,"place":"21km ESE of Little Lake, CA","time":1562770924290,"updated":1638402182260,"tz":null,"url":"https://earthquake.usgs.gov/earthquakes/eventpage/ci38519231","detail":"https://earthquake.usgs.gov/fdsnws/event/1/query?eventid=ci38519231&format=geojson","felt":1,"cdi":2,"mmi":5.06,"alert":null,"status":"reviewed","tsunami":0,"sig":195,"net":"ci","code":"38519231","ids":",ci38519231,us70004gva,","sources":",ci,us,","types":",dyfi,nearby-cities,origin,phase-data,scitech-link,shakemap,","nst":47,"dmin":0.07517,"rms":0.15,"gap":39,"magType":"mw","type":"earthquake","title":"M 3.6 - 21km ESE of Little Lake, CA"},"geometry":{"type":"Point","coordinates":[-117.6816667,35.877,4.86]},"id":"ci38519231"},
{"type":"Feature","properties":{"mag":4.09,"place":"15km NNE of Coso Junction, CA","time":1562784541420,"updated":1639002879730,"tz":null,"url":"https://earthquake.usgs.gov/earthquakes/eventpage/ci38521799","detail":"https://earthquake.usgs.gov/fdsnws/event/1/query?eventid=ci38521799&format=geojson","felt":5,"cdi":3.1,"mmi":5.11,"alert":"green","status":"reviewed","tsunami":0,"sig":259,"net":"ci","code":"38521799","ids":",ci38521799,us70004h3a,","sources":",ci,us,","types":",dyfi,losspager,nearby-cities,origin,phase-data,scitech-link,shakemap,","nst":67,"dmin":0.0534,"rms":0.16,"gap":52,"magType":"mw","type":"earthquake","title":"M 4.1 - 15km NNE of Coso Junction, CA"},"geometry":{"type":"Point","coordinates":[-117.8825,36.1661667,1.12]},"id":"ci38521799"},
{"type":"Feature","properties":{"mag":3.7,"place":"15km NNE of Coso Junction, CA","time":1562784695250,"updated":1639002830443,"tz":null,"url":"https://earthquake.usgs.gov/earthquakes/eventpage/ci38521815","detail":"https://earthquake.usgs.gov/fdsnws/event/1/query?eventid=ci38521815&format=geojson","felt":0,"cdi":1,"mmi":4.65,"alert":null,"status":"reviewed","tsunami":0,"sig":211,"net":"ci","code":"38521815","ids":",ci38521815,us70004h3f,","sources":",ci,us,","types":",dyfi,nearby-cities,origin,phase-data,scitech-link,shakemap,","nst":66,"dmin":0.05432,"rms":0.15,"gap":51,"magType":"mw","type":"earthquake","title":"M 3.7 - 15km NNE of Coso Junction, CA"},"geometry":{"type":"Point","coordinates":[-117.875,36.1695,2.27]},"id":"ci38521815"},
{"type":"Feature","properties":{"mag":3.51,"place":"8km E of Coso Junction, CA","time":1562784703830,"updated":1639005984337,"tz":null,"url":"https://earthquake.usgs.gov/earthquakes/eventpage/ci37265572","detail":"https://earthquake.usgs.gov/fdsnws/event/1/query?eventid=ci37265572&format=geojson","felt":null,"cdi":null,"mmi":null,"alert":null,"status":"reviewed","tsunami":0,"sig":190,"net":"ci","code":"37265572","ids":",ci37265572,","sources":",ci,","types":",nearby-cities,origin,phase-data,","nst":10,"dmin":0.05584,"rms":0.12,"gap":127,"magType":"ml","type":"earthquake","title":"M 3.5 - 8km E of Coso Junction, CA"},"geometry":{"type":"Point","coordinates":[-117.8541667,36.0553333,7.76]},"id":"ci37265572"},
{"type":"Feature","properties":{"mag":4.17,"place":"14km ENE of Ridgecrest, CA","time":1562789391950,"updated":1639000047300,"tz":null,"url":"https://earthquake.usgs.gov/earthquakes/eventpage/ci38522647","detail":"https://earthquake.usgs.gov/fdsnws/event/1/query?eventid=ci38522647&format=geojson","felt":170,"cdi":3.5,"mmi":6.05,"alert":"green","status":"reviewed","tsunami":0,"sig":327,"net":"ci","code":"38522647","ids":",ci38522647,us70004h79,","sources":",ci,us,","types":",dyfi,losspager,nearby-cities,origin,phase-data,scitech-link,shakemap,","nst":84,"dmin":0.05577,"rms":0.17,"gap":18,"magType":"mw","type":"earthquake","title":"M 4.2 - 14km ENE of Ridgecrest, CA"},"geometry":{"type":"Point","coordinates":[-117.5248333,35.6646667,9.19]},"id":"ci38522647"},
{"type":"Feature","properties":{"mag":3.87,"place":"15km NNE of Coso Junction, CA","time":1562796948260,"updated":1638999733040,"tz":null,"url":"https://earthquake.usgs.gov/earthquakes/eventpage/ci38523943","detail":"https://earthquake.usgs.gov/fdsnws/event/1/query?eventid=ci38523943&format=geojson","felt":7,"cdi":4.1,"mmi":4.67,"alert":null,"status":"reviewed","tsunami":0,"sig":233,"net":"ci","code":"38523943","ids":",ci38523943,us70004hdl,","sources":",ci,us,","types":",dyfi,nearby-cities,origin,phase-data,scitech-link,shakemap,","nst":65,"dmin":0.06012,"rms":0.16,"gap":52,"magType":"mw","type":"earthquake","title":"M 3.9 - 15km NNE of Coso Junction, CA"},"geometry":{"type":"Point","coordinates":[-117.8835,36.1731667,0.98]},"id":"ci38523943"},
{"type":"Feature","properties":{"mag":3.66,"place":"15km NNE of Coso Junction, CA","time":1562796953250,"updated":1585170698544,"tz":null,"url":"https://earthquake.usgs.gov/earthquakes/eventpage/ci37265580","detail":"https://earthquake.usgs.gov/fdsnws/event/1/query?eventid=ci37265580&format=geojson","felt":null,"cdi":null,"mmi":4.347,"alert":null,"status":"reviewed","tsunami":0,"sig":206,"net":"ci","code":"37265580","ids":",ci37265580,","sources":",ci,","types":",nearby-cities,origin,phase-data,shakemap,","nst":21,"dmin":0.05915,"rms":0.19,"gap":170,"magType":"mlr","type":"earthquake","title":"M 3.7 - 15km NNE of Coso Junction, CA"},"geometry":{"type":"Point","coordinates":[-117.8856667,36.1713333,2.05]},"id":"ci37265580"},
{"type":"Feature","properties":{"mag":3.62,"place":"13km SW of Searles Valley, CA","time":1562803139200,"updated":1639002881890,"tz":null,"url":"https://earthquake.usgs.gov/earthquakes/eventpage/ci38525047","detail":"https://earthquake.usgs.gov/fdsnws/event/1/query?eventid=ci38525047&format=geojson","felt":10,"cdi":3.6,"mmi":5.47,"alert":null,"status":"reviewed","tsunami":0,"sig":205,"net":"ci","code":"38525047","ids":",ci38525047,us70004hgf,","sources":",ci,us,","types":",dyfi,nearby-cities,origin,phase-data,scitech-link,shakemap,","nst":90,"dmin":0.02838,"rms":0.13,"gap":21,"magType":"mw","type":"earthquake","title":"M 3.6 - 13km SW of Searles Valley, CA"},"geometry":{"type":"Point","coordinates":[-117.4891667,35.6723333,4.36]},"id":"ci38525047"},
{"type":"Feature","properties":{"mag":4.52,"place":"16km NNE of Coso Junction, CA","time":1562804077320,"updated":1638999861960,"tz":null,"url":"https://earthquake.usgs.gov/earthquakes/eventpage/ci38525207","detail":"https://earthquake.usgs.gov/fdsnws/event/1/query?eventid=ci38525207&format=geojson","felt":43,"cdi":3.8,"mmi":5.97,"alert":"green","status":"reviewed","tsunami":0,"sig":331,"net":"ci","code":"38525207","ids":",ci38525207,us70004hgq,nn00694023,","sources":",ci,us,nn,","types":",dyfi,losspager,moment-tensor,nearby-cities,origin,phase-data,scitech-link,shakemap,","nst":71,"dmin":0.06351,"rms":0.17,"gap":51,"magType":"mw","type":"earthquake","title":"M 4.5 - 16km NNE of Coso Junction, CA"},"geometry":{"type":"Point","coordinates":[-117.884,36.1766667,0.93]},"id":"ci38525207"},
{"type":"Feature","properties":{"mag":4.37,"place":"14km NNE of Coso Junction, CA","time":1562804139220,"updated":1639000531320,"tz":null,"url":"https://earthquake.usgs.gov/earthquakes/eventpage/ci38525215","detail":"https://earthquake.usgs.gov/fdsnws/event/1/query?eventid=ci38525215&format=geojson","felt":3,"cdi":2.2,"mmi":5.94,"alert":"green","status":"reviewed","tsunami":0,"sig":294,"net":"ci","code":"38525215","ids":",ci38525215,us70004hgt,","sources":",ci,us,","types":",dyfi,losspager,moment-tensor,nearby-cities,origin,phase-data,scitech-link,shakemap,","nst":68,"dmin":0.03999,"rms":0.19,"gap":52,"magType":"mw","type":"earthquake","title":"M 4.4 - 14km NNE of Coso Junction, CA"},"geometry":{"type":"Point","coordinates":[-117.8763333,36.1536667,2.11]},"id":"ci38525215"},
{"type":"Feature","properties":{"mag":3.51,"place":"17km E of Little Lake, CA","time":1562812522450,"updated":1639005921240,"tz":null,"url":"https://earthquake.usgs.gov/earthquakes/eventpage/ci38526799","detail":"https://earthquake.usgs.gov/fdsnws/event/1/query?eventid=ci38526799&format=geojson","felt":2,"cdi":2.2,"mmi":5.51,"alert":null,"status":"reviewed","tsunami":0,"sig":190,"net":"ci","code":"38526799","ids":",ci38526799,us70004hjd,","sources":",ci,us,","types":",dyfi,nearby-cities,origin,phase-data,scitech-link,shakemap,","nst":73,"dmin":0.0577,"rms":0.17,"gap":28,"magType":"mw","type":"earthquake","title":"M 3.5 - 17km E of Little Lake, CA"},"geometry":{"type":"Point","coordinates":[-117.721,35.9411667,2.44]},"id":"ci38526799"},
{"type":"Feature","properties":{"mag":4.3,"place":"9km E of Coso Junction, CA","time":1562818201370,"updated":1638999926863,"tz":null,"url":"https://earthquake.usgs.gov/earthquakes/eventpage/ci38527863","detail":"https://earthquake.usgs.gov/fdsnws/event/1/query?eventid=ci38527863&format=geojson","felt":14,"cdi":2.7,"mmi":5.89,"alert":"green","status":"reviewed","tsunami":0,"sig":288,"net":"ci","code":"38527863","ids":",ci38527863,us70004hln,","sources":",ci,us,","types":",dyfi,losspager,moment-tensor,nearby-cities,origin,phase-data,scitech-link,shakemap,","nst":73,"dmin":0.05905,"rms":0.16,"gap":52,"magType":"mw","type":"earthquake","title":"M 4.3 - 9km E of Coso Junction, CA"},"geometry":{"type":"Point","coordinates":[-117.8488333,36.0563333,2.07]},"id":"ci38527863"},
{"type":"Feature","properties":{"mag":3.57,"place":"23km NNE of Trona, CA","time":1562820331010,"updated":1639003676241,"tz":null,"url":"https://earthquake.usgs.gov/earthquakes/eventpage/ci38528167","detail":"https://earthquake.usgs.gov/fdsnws/event/1/query?eventid=ci38528167&format=geojson","felt":2,"cdi":2.7,"mmi":4.87,"alert":null,"status":"reviewed","tsunami":0,"sig":197,"net":"ci","code":"38528167","ids":",ci38528167,us70004hm5,","sources":",ci,us,","types":",dyfi,nearby-cities,origin,phase-data,scitech-link,shakemap,","nst":64,"dmin":0.06485,"rms":0.17,"gap":32,"magType":"mw","type":"earthquake","title":"M 3.6 - 23km NNE of Trona, CA"},"geometry":{"type":"Point","coordinates":[-117.2788333,35.9558333,4.66]},"id":"ci38528167"},
{"type":"Feature","properties":{"mag":3.55,"place":"23km NNE of Trona, CA","time":1562821426140,"updated":1639005737080,"tz":null,"url":"https://earthquake.usgs.gov/earthquakes/eventpage/ci38528383","detail":"https://earthquake.usgs.gov/fdsnws/event/1/query?eventid=ci38528383&format=geojson","felt":3,"cdi":2.2,"mmi":4.63,"alert":null,"status":"reviewed","tsunami":0,"sig":195,"net":"ci","code":"38528383","ids":",ci38528383,us70004hme,","sources":",ci,us,","types":",dyfi,nearby-cities,origin,phase-data,scitech-link,shakemap,","nst":63,"dmin":0.0628,"rms":0.17,"gap":29,"magType":"mw","type":"earthquake","title":"M 3.6 - 23km NNE of Trona, CA"},"geometry":{"type":"Point","coordinates":[-117.2803333,35.9538333,4.86]},"id":"ci38528383"},
{"type":"Feature","properties":{"mag":4.02,"place":"16km SE of Olancha, CA","time":1562828645960,"updated":1647733767331,"tz":null,"url":"https://earthquake.usgs.gov/earthquakes/eventpage/ci38529591","detail":"https://earthquake.usgs.gov/fdsnws/event/1/query?eventid=ci38529591&format=geojson","felt":29,"cdi":3.1,"mmi":5.56,"alert":"green","status":"reviewed","tsunami":0,"sig":258,"net":"ci","code":"38529591","ids":",ci38529591,us70004hql,","sources":",ci,us,","types":",dyfi,focal-mechanism,losspager,nearby-cities,origin,phase-data,scitech-link,shakemap,","nst":71,"dmin":0.0657,"rms":0.19,"gap":51,"magType":"mw","type":"earthquake","title":"M 4.0 - 16km SE of Olancha, CA"},"geometry":{"type":"Point","coordinates":[-117.883,36.1793333,1.46]},"id":"ci38529591"},
{"type":"Feature","properties":{"mag":3.53,"place":"16km SE of Olancha, CA","time":1562829589980,"updated":1639005118390,"tz":null,"url":"https://earthquake.usgs.gov/earthquakes/eventpage/ci38529711","detail":"https://earthquake.usgs.gov/fdsnws/event/1/query?eventid=ci38529711&format=geojson","felt":4,"cdi":3.4,"mmi":5.42,"alert":null,"status":"reviewed","tsunami":0,"sig":193,"net":"ci","code":"38529711","ids":",ci38529711,us70004hrc,","sources":",ci,us,","types":",dyfi,nearby-cities,origin,phase-data,scitech-link,shakemap,","nst":69,"dmin":0.06624,"rms":0.16,"gap":51,"magType":"mw","type":"earthquake","title":"M 3.5 - 16km SE of Olancha, CA"},"geometry":{"type":"Point","coordinates":[-117.8843333,36.1795,1.97]},"id":"ci38529711"},
{"type":"Feature","properties":{"mag":3.55,"place":"20km E of Coso Junction, CA","time":1562841815390,"updated":1639003849220,"tz":null,"url":"https://earthquake.usgs.gov/earthquakes/eventpage/ci38531663","detail":"https://earthquake.usgs.gov/fdsnws/event/1/query?eventid=ci38531663&format=geojson","felt":0,"cdi":1,"mmi":5.48,"alert":null,"status":"reviewed","tsunami":0,"sig":194,"net":"ci","code":"38531663","ids":",ci38531663,us70004hyj,","sources":",ci,us,","types":",dyfi,nearby-cities,origin,phase-data,scitech-link,shakemap,","nst":66,"dmin":0.03901,"rms":0.16,"gap":24,"magType":"mw","type":"earthquake","title":"M 3.6 - 20km E of Coso Junction, CA"},"geometry":{"type":"Point","coordinates":[-117.7231667,36.0441667,1.48]},"id":"ci38531663"},
{"type":"Feature","properties":{"mag":3.67,"place":"20km N of Searles Valley, CA","time":1562842785820,"updated":1639002808552,"tz":null,"url":"https://earthquake.usgs.gov/earthquakes/eventpage/ci38531775","detail":"https://earthquake.usgs.gov/fdsnws/event/1/query?eventid=ci38531775&format=geojson","felt":4,"cdi":3.1,"mmi":4.71,"alert":null,"status":"reviewed","tsunami":0,"sig":208,"net":"ci","code":"38531775","ids":",ci38531775,us70004hyv,","sources":",ci,us,","types":",dyfi,nearby-cities,origin,phase-data,scitech-link,shakemap,","nst":70,"dmin":0.09194,"rms":0.17,"gap":20,"magType":"mw","type":"earthquake","title":"M 3.7 - 20km N of Searles Valley, CA"},"geometry":{"type":"Point","coordinates":[-117.3773333,35.9423333,1.71]},"id":"ci38531775"},
{"type":"Feature","properties":{"mag":3.53,"place":"17km SSW of Trona, CA","time":1562844976600,"updated":1639004865957,"tz":null,"url":"https://earthquake.usgs.gov/earthquakes/eventpage/ci38532079","detail":"https://earthquake.usgs.gov/fdsnws/event/1/query?eventid=ci38532079&format=geojson","felt":null,"cdi":null,"mmi":3.895,"alert":null,"status":"reviewed","tsunami":0,"sig":192,"net":"ci","code":"38532079","ids":",ci38532079,","sources":",ci,","types":",nearby-cities,origin,phase-data,scitech-link,shakemap,","nst":69,"dmin":0.03634,"rms":0.16,"gap":26,"magType":"mw","type":"earthquake","title":"M 3.5 - 17km SSW of Trona, CA"},"geometry":{"type":"Point","coordinates":[-117.4206667,35.618,4.76]},"id":"ci38532079"},
{"type":"Feature","properties":{"mag":3.52,"place":"19km N of Searles Valley, CA","time":1562847642280,"updated":1639005301070,"tz":null,"url":"https://earthquake.usgs.gov/earthquakes/eventpage/ci38532487","detail":"https://earthquake.usgs.gov/fdsnws/event/1/query?eventid=ci38532487&format=geojson","felt":null,"cdi":null,"mmi":4.92,"alert":null,"status":"reviewed","tsunami":0,"sig":191,"net":"ci","code":"38532487","ids":",ci38532487,us70004i12,","sources":",ci,us,","types":",nearby-cities,origin,phase-data,scitech-link,shakemap,","nst":67,"dmin":0.0929,"rms":0.17,"gap":20,"magType":"mw","type":"earthquake","title":"M 3.5 - 19km N of Searles Valley, CA"},"geometry":{"type":"Point","coordinates":[-117.3803333,35.9403333,2.16]},"id":"ci38532487"},
{"type":"Feature","properties":{"mag":3.87,"place":"14km NNE of Coso Junction, CA","time":1562859172260,"updated":1729544128960,"tz":null,"url":"https://earthquake.usgs.gov/earthquakes/eventpage/ci38534255","detail":"https://earthquake.usgs.gov/fdsnws/event/1/query?eventid=ci38534255&format=geojson","felt":3,"cdi":3.4,"mmi":5.4,"alert":null,"status":"reviewed","tsunami":0,"sig":231,"net":"ci","code":"38534255","ids":",ci38534255,us70004i7g,","sources":",ci,us,","types":",dyfi,focal-mechanism,moment-tensor,nearby-cities,origin,phase-data,scitech-link,shakemap,","nst":69,"dmin":0.04272,"rms":0.17,"gap":51,"magType":"mw","type":"earthquake","title":"M 3.9 - 14km NNE of Coso Junction, CA"},"geometry":{"type":"Point","coordinates":[-117.8768333,36.1565,2.29]},"id":"ci38534255"},
{"type":"Feature","properties":{"mag":3.72,"place":"16km SE of Olancha, CA","time":1562861948760,"updated":1639002877600,"tz":null,"url":"https://earthquake.usgs.gov/earthquakes/eventpage/ci38534591","detail":"https://earthquake.usgs.gov/fdsnws/event/1/query?eventid=ci38534591&format=geojson","felt":2,"cdi":2.7,"mmi":4.73,"alert":null,"status":"reviewed","tsunami":0,"sig":213,"net":"ci","code":"38534591","ids":",ci38534591,us70004iak,","sources":",ci,us,","types":",dyfi,nearby-cities,origin,phase-data,scitech-link,shakemap,","nst":67,"dmin":0.06884,"rms":0.17,"gap":52,"magType":"mw","type":"earthquake","title":"M 3.7 - 16km SE of Olancha, CA"},"geometry":{"type":"Point","coordinates":[-117.8841667,36.1823333,0.96]},"id":"ci38534591"},
{"type":"Feature","properties":{"mag":3.53,"place":"12km SW of Searles Valley, CA","time":1562863268500,"updated":1659970405343,"tz":null,"url":"https://earthquake.usgs.gov/earthquakes/eventpage/ci38534735","detail":"https://earthquake.usgs.gov/fdsnws/event/1/query?eventid=ci38534735&format=geojson","felt":3,"cdi":2.2,"mmi":4.92,"alert":null,"status":"reviewed","tsunami":0,"sig":192,"net":"ci","code":"38534735","ids":",ci38534735,us70004ibd,","sources":",ci,us,","types":",dyfi,nearby-cities,origin,phase-data,scitech-link,shakemap,","nst":84,"dmin":0.05678,"rms":0.15,"gap":23,"magType":"mw","type":"earthquake","title":"M 3.5 - 12km SW of Searles Valley, CA"},"geometry":{"type":"Point","coordinates":[-117.5061667,35.7033333,2.48]},"id":"ci38534735"},
{"type":"Feature","properties":{"mag":4.14,"place":"18km E of Little Lake, CA","time":1562888718670,"updated":1639163527000,"tz":null,"url":"https://earthquake.usgs.gov/earthquakes/eventpage/ci38538991","detail":"https://earthquake.usgs.gov/fdsnws/event/1/query?eventid=ci38538991&format=geojson","felt":10,"cdi":3.4,"mmi":5.97,"alert":"green","status":"reviewed","tsunami":0,"sig":267,"net":"ci","code":"38538991","ids":",ci38538991,us70004inz,","sources":",ci,us,","types":",dyfi,losspager,moment-tensor,nearby-cities,origin,phase-data,scitech-link,shakemap,","nst":78,"dmin":0.04275,"rms":0.18,"gap":33,"magType":"mw","type":"earthquake","title":"M 4.1 - 18km E of Little Lake, CA"},"geometry":{"type":"Point","coordinates":[-117.703,35.95,4.32]},"id":"ci38538991"},
{"type":"Feature","properties":{"mag":3.64,"place":"19km E of Little Lake, CA","time":1562889152220,"updated":1639162086860,"tz":null,"url":"https://earthquake.usgs.gov/earthquakes/eventpage/ci38539039","detail":"https://earthquake.usgs.gov/fdsnws/event/1/query?eventid=ci38539039&format=geojson","felt":0,"cdi":1,"mmi":5.47,"alert":null,"status":"reviewed","tsunami":0,"sig":204,"net":"ci","code":"38539039","ids":",ci38539039,us70004ip3,","sources":",ci,us,","types":",dyfi,focal-mechanism,nearby-cities,origin,phase-data,scitech-link,shakemap,","nst":72,"dmin":0.03908,"rms":0.15,"gap":32,"magType":"mw","type":"earthquake","title":"M 3.6 - 19km E of Little Lake, CA"},"geometry":{"type":"Point","coordinates":[-117.6985,35.9463333,4.8]},"id":"ci38539039"},
{"type":"Feature","properties":{"mag":3.65,"place":"16km SE of Olancha, CA","time":1562897910090,"updated":1629145301110,"tz":null,"url":"https://earthquake.usgs.gov/earthquakes/eventpage/ci38540647","detail":"https://earthquake.usgs.gov/fdsnws/event/1/query?eventid=ci38540647&format=geojson","felt":null,"cdi":null,"mmi":4.71,"alert":null,"status":"reviewed","tsunami":0,"sig":205,"net":"ci","code":"38540647","ids":",ci38540647,us70004iqz,","sources":",ci,us,","types":",focal-mechanism,nearby-cities,origin,phase-data,scitech-link,shakemap,","nst":67,"dmin":0.0681,"rms":0.18,"gap":51,"magType":"mw","type":"earthquake","title":"M 3.7 - 16km SE of Olancha, CA"},"geometry":{"type":"Point","coordinates":[-117.8843333,36.1815,1.54]},"id":"ci38540647"},
{"type":"Feature","properties":{"mag":3.94,"place":"19km N of Searles Valley, CA","time":1562902073690,"updated":1629145545830,"tz":null,"url":"https://earthquake.usgs.gov/earthquakes/eventpage/ci38541359","detail":"https://earthquake.usgs.gov/fdsnws/event/1/query?eventid=ci38541359&format=geojson","felt":15,"cdi":3.7,"mmi":4.44,"alert":null,"status":"reviewed","tsunami":0,"sig":244,"net":"ci","code":"38541359","ids":",ci38541359,us70004ird,","sources":",ci,us,","types":",dyfi,focal-mechanism,moment-tensor,nearby-cities,origin,phase-data,scitech-link,shakemap,","nst":72,"dmin":0.09142,"rms":0.19,"gap":20,"magType":"mw","type":"earthquake","title":"M 3.9 - 19km N of Searles Valley, CA"},"geometry":{"type":"Point","coordinates":[-117.3788333,35.9395,1.9]},"id":"ci38541359"},
{"type":"Feature","properties":{"mag":4.9,"place":"8km ENE of Ridgecrest, CA","time":1562937097990,"updated":1629145115990,"tz":null,"url":"https://earthquake.usgs.gov/earthquakes/eventpage/ci38548295","detail":"https://earthquake.usgs.gov/fdsnws/event/1/query?eventid=ci38548295&format=geojson","felt":2150,"cdi":5.3,"mmi":6.36,"alert":"green","status":"reviewed","tsunami":0,"sig":899,"net":"ci","code":"38548295","ids":",ci38548295,us70004iz6,","sources":",ci,us,","types":",dyfi,focal-mechanism,losspager,moment-tensor,nearby-cities,origin,phase-data,scitech-link,shakemap,","nst":103,"dmin":0.02027,"rms":0.16,"gap":16,"magType":"mw","type":"earthquake","title":"M 4.9 - 8km ENE of Ridgecrest, CA"},"geometry":{"type":"Point","coordinates":[-117.5861667,35.6368333,9.48]},"id":"ci38548295"},
{"type":"Feature","properties":{"mag":3.83,"place":"20km N of Searles Valley, CA","time":1563013519030,"updated":1585849011100,"tz":null,"url":"https://earthquake.usgs.gov/earthquakes/eventpage/ci38557895","detail":"https://earthquake.usgs.gov/fdsnws/event/1/query?eventid=ci38557895&format=geojson","felt":6,"cdi":3.4,"mmi":5.36,"alert":null,"status":"reviewed","tsunami":0,"sig":228,"net":"ci","code":"38557895","ids":",ci38557895,us70004jj4,","sources":",ci,us,","types":",dyfi,nearby-cities,origin,phase-data,scitech-link,shakemap,","nst":75,"dmin":0.08939,"rms":0.16,"gap":20,"magType":"mw","type":"earthquake","title":"M 3.8 - 20km N of Searles Valley, CA"},"geometry":{"type":"Point","coordinates":[-117.3736667,35.9421667,3.07]},"id":"ci38557895"},
{"type":"Feature","properties":{"mag":3.64,"place":"15km SW of Searles Valley, CA","time":1563159279630,"updated":1629496535390,"tz":null,"url":"https://earthquake.usgs.gov/earthquakes/eventpage/ci38570271","detail":"https://earthquake.usgs.gov/fdsnws/event/1/query?eventid=ci38570271&format=geojson","felt":35,"cdi":3.2,"mmi":5.98,"alert":null,"status":"reviewed","tsunami":0,"sig":215,"net":"ci","code":"38570271","ids":",ci38570271,us70004kb9,","sources":",ci,us,","types":",dyfi,nearby-cities,origin,phase-data,scitech-link,shakemap,","nst":77,"dmin":0.02825,"rms":0.14,"gap":31,"magType":"mw","type":"earthquake","title":"M 3.6 - 15km SW of Searles Valley, CA"},"geometry":{"type":"Point","coordinates":[-117.5035,35.6643333,9.22]},"id":"ci38570271"},
{"type":"Feature","properties":{"mag":4.21,"place":"9km E of Coso Junction, CA","time":1563179925240,"updated":1629496908280,"tz":null,"url":"https://earthquake.usgs.gov/earthquakes/eventpage/ci38572055","detail":"https://earthquake.usgs.gov/fdsnws/event/1/query?eventid=ci38572055&format=geojson","felt":37,"cdi":3.8,"mmi":5.95,"alert":"green","status":"reviewed","tsunami":0,"sig":287,"net":"ci","code":"38572055","ids":",ci38572055,us70004kg2,","sources":",ci,us,","types":",dyfi,losspager,moment-tensor,nearby-cities,origin,phase-data,scitech-link,shakemap,","nst":74,"dmin":0.05794,"rms":0.16,"gap":52,"magType":"mw","type":"earthquake","title":"M 4.2 - 9km E of Coso Junction, CA"},"geometry":{"type":"Point","coordinates":[-117.8506667,36.056,2.26]},"id":"ci38572055"},
{"type":"Feature","properties":{"mag":3.61,"place":"11km S of Searles Valley, CA","time":1563205416550,"updated":1629496410570,"tz":null,"url":"https://earthquake.usgs.gov/earthquakes/eventpage/ci38574407","detail":"https://earthquake.usgs.gov/fdsnws/event/1/query?eventid=ci38574407&format=geojson","felt":11,"cdi":4.1,"mmi":5.41,"alert":null,"status":"reviewed","tsunami":0,"sig":205,"net":"ci","code":"38574407","ids":",ci38574407,us70004knr,","sources":",ci,us,","types":",dyfi,nearby-cities,origin,phase-data,scitech-link,shakemap,","nst":85,"dmin":0.009239,"rms":0.15,"gap":25,"magType":"mw","type":"earthquake","title":"M 3.6 - 11km S of Searles Valley, CA"},"geometry":{"type":"Point","coordinates":[-117.4141667,35.6701667,8.43]},"id":"ci38574407"},
{"type":"Feature","properties":{"mag":3.69,"place":"14km SW of Searles Valley, CA","time":1563226193010,"updated":1629496660550,"tz":null,"url":"https://earthquake.usgs.gov/earthquakes/eventpage/ci38576311","detail":"https://earthquake.usgs.gov/fdsnws/event/1/query?eventid=ci38576311&format=geojson","felt":22,"cdi":3.1,"mmi":5.55,"alert":null,"status":"reviewed","tsunami":0,"sig":216,"net":"ci","code":"38576311","ids":",ci38576311,us70004kzw,","sources":",ci,us,","types":",dyfi,moment-tensor,nearby-cities,origin,phase-data,scitech-link,shakemap,","nst":84,"dmin":0.04024,"rms":0.16,"gap":23,"magType":"mw","type":"earthquake","title":"M 3.7 - 14km SW of Searles Valley, CA"},"geometry":{"type":"Point","coordinates":[-117.506,35.6785,9.21]},"id":"ci38576311"},
{"type":"Feature","properties":{"mag":3.8,"place":"15km S of Searles Valley, CA","time":1563245225040,"updated":1630534858290,"tz":null,"url":"https://earthquake.usgs.gov/earthquakes/eventpage/ci38577831","detail":"https://earthquake.usgs.gov/fdsnws/event/1/query?eventid=ci38577831&format=geojson","felt":14,"cdi":4.6,"mmi":5.49,"alert":null,"status":"reviewed","tsunami":0,"sig":229,"net":"ci","code":"38577831","ids":",ci38577831,us70004l5c,","sources":",ci,us,","types":",dyfi,moment-tensor,nearby-cities,origin,phase-data,scitech-link,shakemap,","nst":80,"dmin":0.03341,"rms":0.14,"gap":36,"magType":"mw","type":"earthquake","title":"M 3.8 - 15km S of Searles Valley, CA"},"geometry":{"type":"Point","coordinates":[-117.432,35.6323333,4.99]},"id":"ci38577831"},
{"type":"Feature","properties":{"mag":3.55,"place":"20km NNE of Ridgecrest, CA","time":1563254812660,"updated":1630534703217,"tz":null,"url":"https://earthquake.usgs.gov/earthquakes/eventpage/ci38578567","detail":"https://earthquake.usgs.gov/fdsnws/event/1/query?eventid=ci38578567&format=geojson","felt":15,"cdi":3.1,"mmi":5.18,"alert":null,"status":"reviewed","tsunami":0,"sig":199,"net":"ci","code":"38578567","ids":",ci38578567,us70004l7e,","sources":",ci,us,","types":",dyfi,focal-mechanism,nearby-cities,origin,phase-data,scitech-link,shakemap,","nst":71,"dmin":0.03149,"rms":0.15,"gap":30,"magType":"ml","type":"earthquake","title":"M 3.6 - 20km NNE of Ridgecrest, CA"},"geometry":{"type":"Point","coordinates":[-117.6235,35.7923333,2.96]},"id":"ci38578567"},
{"type":"Feature","properties":{"mag":4.47,"place":"19km NNE of Ridgecrest, CA","time":1563308136780,"updated":1630536947480,"tz":null,"url":"https://earthquake.usgs.gov/earthquakes/eventpage/ci38583335","detail":"https://earthquake.usgs.gov/fdsnws/event/1/query?eventid=ci38583335&format=geojson","felt":240,"cdi":3.9,"mmi":6.41,"alert":"green","status":"reviewed","tsunami":0,"sig":401,"net":"ci","code":"38583335","ids":",ci38583335,us70004lr2,","sources":",ci,us,","types":",dyfi,losspager,moment-tensor,nearby-cities,origin,phase-data,scitech-link,shakemap,","nst":89,"dmin":0.0348,"rms":0.2,"gap":31,"magType":"mw","type":"earthquake","title":"M 4.5 - 19km NNE of Ridgecrest, CA"},"geometry":{"type":"Point","coordinates":[-117.6143333,35.7836667,3.56]},"id":"ci38583335"},
{"type":"Feature","properties":{"mag":3.54,"place":"14km SW of Searles Valley, CA","time":1563308159020,"updated":1630534319407,"tz":null,"url":"https://earthquake.usgs.gov/earthquakes/eventpage/ci37421757","detail":"https://earthquake.usgs.gov/fdsnws/event/1/query?eventid=ci37421757&format=geojson","felt":2,"cdi":3.1,"mmi":5.62,"alert":null,"status":"reviewed","tsunami":0,"sig":193,"net":"ci","code":"37421757","ids":",ci37421757,us70004ls4,","sources":",ci,us,","types":",dyfi,impact-text,nearby-cities,origin,phase-data,scitech-link,shakemap,","nst":32,"dmin":0.04453,"rms":0.15,"gap":48,"magType":"mlr","type":"earthquake","title":"M 3.5 - 14km SW of Searles Valley, CA"},"geometry":{"type":"Point","coordinates":[-117.5155,35.6776667,7.59]},"id":"ci37421757"},
{"type":"Feature","properties":{"mag":4.37,"place":"10km NE of Coso Junction, CA","time":1563330547380,"updated":1632429977110,"tz":null,"url":"https://earthquake.usgs.gov/earthquakes/eventpage/ci38585023","detail":"https://earthquake.usgs.gov/fdsnws/event/1/query?eventid=ci38585023&format=geojson","felt":32,"cdi":4.6,"mmi":5.89,"alert":"green","status":"reviewed","tsunami":0,"sig":309,"net":"ci","code":"38585023","ids":",ci38585023,us70004lzk,","sources":",ci,us,","types":",dyfi,focal-mechanism,losspager,moment-tensor,nearby-cities,origin,phase-data,scitech-link,shakemap,","nst":77,"dmin":0.02365,"rms":0.19,"gap":53,"magType":"mw","type":"earthquake","title":"M 4.4 - 10km NE of Coso Junction, CA"},"geometry":{"type":"Point","coordinates":[-117.884,36.116,5.3]},"id":"ci38585023"},
{"type":"Feature","properties":{"mag":3.61,"place":"14km SSW of Searles Valley, CA","time":1563392535130,"updated":1655401594612,"tz":null,"url":"https://earthquake.usgs.gov/earthquakes/eventpage/ci38590903","detail":"https://earthquake.usgs.gov/fdsnws/event/1/query?eventid=ci38590903&format=geojson","felt":3,"cdi":2,"mmi":5.77,"alert":null,"status":"reviewed","tsunami":0,"sig":201,"net":"ci","code":"38590903","ids":",us70004mj6,ci38590903,","sources":",us,ci,","types":",dyfi,focal-mechanism,nearby-cities,origin,phase-data,scitech-link,shakemap,","nst":76,"dmin":0.01419,"rms":0.16,"gap":37,"magType":"mw","type":"earthquake","title":"M 3.6 - 14km SSW of Searles Valley, CA"},"geometry":{"type":"Point","coordinates":[-117.461,35.6498333,2.69]},"id":"ci38590903"},
{"type":"Feature","properties":{"mag":3.87,"place":"13km NE of Coso Junction, CA","time":1563400159150,"updated":1632429844460,"tz":null,"url":"https://earthquake.usgs.gov/earthquakes/eventpage/ci38591583","detail":"https://earthquake.usgs.gov/fdsnws/event/1/query?eventid=ci38591583&format=geojson","felt":14,"cdi":3.1,"mmi":5.77,"alert":null,"status":"reviewed","tsunami":0,"sig":235,"net":"ci","code":"38591583","ids":",ci38591583,us70004mn2,","sources":",ci,us,","types":",dyfi,focal-mechanism,nearby-cities,origin,phase-data,scitech-link,shakemap,","nst":77,"dmin":0.01338,"rms":0.17,"gap":49,"magType":"mw","type":"earthquake","title":"M 3.9 - 13km NE of Coso Junction, CA"},"geometry":{"type":"Point","coordinates":[-117.8385,36.1156667,2.39]},"id":"ci38591583"},
{"type":"Feature","properties":{"mag":4.64,"place":"9km NE of Coso Junction, CA","time":1563422354720,"updated":1633548399990,"tz":null,"url":"https://earthquake.usgs.gov/earthquakes/eventpage/ci38593535","detail":"https://earthquake.usgs.gov/fdsnws/event/1/query?eventid=ci38593535&format=geojson","felt":140,"cdi":4.5,"mmi":5.66,"alert":"green","status":"reviewed","tsunami":0,"sig":394,"net":"ci","code":"38593535","ids":",ci38593535,us70004mum,","sources":",ci,us,","types":",dyfi,focal-mechanism,losspager,moment-tensor,nearby-cities,origin,phase-data,scitech-link,shakemap,","nst":78,"dmin":0.02682,"rms":0.18,"gap":54,"magType":"mw","type":"earthquake","title":"M 4.6 - 9km NE of Coso Junction, CA"},"geometry":{"type":"Point","coordinates":[-117.8875,36.113,1.56]},"id":"ci38593535"},
{"type":"Feature","properties":{"mag":3.65,"place":"19km NNE of Ridgecrest, CA","time":1563486397630,"updated":1633543643250,"tz":null,"url":"https://earthquake.usgs.gov/earthquakes/eventpage/ci38599327","detail":"https://earthquake.usgs.gov/fdsnws/event/1/query?eventid=ci38599327&format=geojson","felt":22,"cdi":3.8,"mmi":5.82,"alert":null,"status":"reviewed","tsunami":0,"sig":213,"net":"ci","code":"38599327","ids":",ci38599327,us70004nid,","sources":",ci,us,","types":",dyfi,focal-mechanism,nearby-cities,origin,phase-data,scitech-link,shakemap,","nst":69,"dmin":0.03832,"rms":0.14,"gap":31,"magType":"mlr","type":"earthquake","title":"M 3.7 - 19km NNE of Ridgecrest, CA"},"geometry":{"type":"Point","coordinates":[-117.6243333,35.7841667,5.76]},"id":"ci38599327"},
{"type":"Feature","properties":{"mag":3.65,"place":"20km S of Trona, CA","time":1563533225410,"updated":1633464999580,"tz":null,"url":"https://earthquake.usgs.gov/earthquakes/eventpage/ci38603223","detail":"https://earthquake.usgs.gov/fdsnws/event/1/query?eventid=ci38603223&format=geojson","felt":3,"cdi":3.4,"mmi":6.2,"alert":null,"status":"reviewed","tsunami":0,"sig":206,"net":"ci","code":"38603223","ids":",ci38603223,us70004nsx,","sources":",ci,us,","types":",dyfi,nearby-cities,origin,phase-data,scitech-link,shakemap,","nst":84,"dmin":0.05784,"rms":0.17,"gap":24,"magType":"mw","type":"earthquake","title":"M 3.7 - 20km S of Trona, CA"},"geometry":{"type":"Point","coordinates":[-117.3576667,35.585,4.56]},"id":"ci38603223"},
{"type":"Feature","properties":{"mag":3.51,"place":"10km SW of Searles Valley, CA","time":1563553018420,"updated":1633465821610,"tz":null,"url":"https://earthquake.usgs.gov/earthquakes/eventpage/ci38605023","detail":"https://earthquake.usgs.gov/fdsnws/event/1/query?eventid=ci38605023&format=geojson","felt":18,"cdi":3.1,"mmi":5.79,"alert":null,"status":"reviewed","tsunami":0,"sig":195,"net":"ci","code":"38605023","ids":",ci38605023,us70004p0x,","sources":",ci,us,","types":",dyfi,focal-mechanism,nearby-cities,origin,phase-data,scitech-link,shakemap,","nst":80,"dmin":0.06313,"rms":0.15,"gap":22,"magType":"mlr","type":"earthquake","title":"M 3.5 - 10km SW of Searles Valley, CA"},"geometry":{"type":"Point","coordinates":[-117.4948333,35.7151667,4.62]},"id":"ci38605023"},
{"type":"Feature","properties":{"mag":3.6,"place":"14km SE of Anza, CA","time":1563561614930,"updated":1633466741650,"tz":null,"url":"https://earthquake.usgs.gov/earthquakes/eventpage/ci38605615","detail":"https://earthquake.usgs.gov/fdsnws/event/1/query?eventid=ci38605615&format=geojson","felt":193,"cdi":4.3,"mmi":4.41,"alert":null,"status":"reviewed","tsunami":0,"sig":282,"net":"ci","code":"38605615","ids":",ci38605615,us70004p7r,","sources":",ci,us,","types":",dyfi,focal-mechanism,nearby-cities,origin,phase-data,scitech-link,shakemap,","nst":148,"dmin":0.04683,"rms":0.19,"gap":19,"magType":"ml","type":"earthquake","title":"M 3.6 - 14km SE of Anza, CA"},"geometry":{"type":"Point","coordinates":[-116.5753333,33.4535,10.99]},"id":"ci38605615"},
{"type":"Feature","properties":{"mag":3.67,"place":"21km ESE of Little Lake, CA","time":1563590323360,"updated":1633466006840,"tz":null,"url":"https://earthquake.usgs.gov/earthquakes/eventpage/ci38607695","detail":"https://earthquake.usgs.gov/fdsnws/event/1/query?eventid=ci38607695&format=geojson","felt":10,"cdi":3.3,"mmi":5.69,"alert":null,"status":"reviewed","tsunami":0,"sig":211,"net":"ci","code":"38607695","ids":",ci38607695,us70004phh,","sources":",ci,us,","types":",dyfi,focal-mechanism,moment-tensor,nearby-cities,origin,phase-data,scitech-link,shakemap,","nst":73,"dmin":0.01683,"rms":0.16,"gap":16,"magType":"mw","type":"earthquake","title":"M 3.7 - 21km ESE of Little Lake, CA"},"geometry":{"type":"Point","coordinates":[-117.6843333,35.8828333,5.15]},"id":"ci38607695"},
{"type":"Feature","properties":{"mag":3.54,"place":"19km ESE of Little Lake, CA","time":1563648598450,"updated":1633466253000,"tz":null,"url":"https://earthquake.usgs.gov/earthquakes/eventpage/ci38612295","detail":"https://earthquake.usgs.gov/fdsnws/event/1/query?eventid=ci38612295&format=geojson","felt":9,"cdi":3.8,"mmi":4.42,"alert":null,"status":"reviewed","tsunami":0,"sig":196,"net":"ci","code":"38612295","ids":",ci38612295,us70004pr3,","sources":",ci,us,","types":",dyfi,focal-mechanism,nearby-cities,origin,phase-data,scitech-link,shakemap,","nst":72,"dmin":0.01164,"rms":0.16,"gap":19,"magType":"mlr","type":"earthquake","title":"M 3.5 - 19km ESE of Little Lake, CA"},"geometry":{"type":"Point","coordinates":[-117.7071667,35.874,9.17]},"id":"ci38612295"},
{"type":"Feature","properties":{"mag":3.59,"place":"14km WSW of Delta, B.C., MX","time":1563671913780,"updated":1578811575322,"tz":null,"url":"https://earthquake.usgs.gov/earthquakes/eventpage/ci38614159","detail":"https://earthquake.usgs.gov/fdsnws/event/1/query?eventid=ci38614159&format=geojson","felt":7,"cdi":2.5,"mmi":4.89,"alert":null,"status":"automatic","tsunami":0,"sig":200,"net":"ci","code":"38614159","ids":",ci38614159,us70004pvu,","sources":",ci,us,","types":",dyfi,focal-mechanism,nearby-cities,origin,phase-data,scitech-link,shakemap,","nst":36,"dmin":0.1204,"rms":0.35,"gap":165,"magType":"mlr","type":"earthquake","title":"M 3.6 - 14km WSW of Delta, B.C., MX"},"geometry":{"type":"Point","coordinates":[-115.3243332,32.2998352,16.73]},"id":"ci38614159"},
{"type":"Feature","properties":{"mag":4.2,"place":"16km S of Twentynine Palms, CA","time":1563812816070,"updated":1723029046533,"tz":null,"url":"https://earthquake.usgs.gov/earthquakes/eventpage/ci38624623","detail":"https://earthquake.usgs.gov/fdsnws/event/1/query?eventid=ci38624623&format=geojson","felt":1386,"cdi":4.3,"mmi":5.83,"alert":"green","status":"reviewed","tsunami":0,"sig":701,"net":"ci","code":"38624623","ids":",ci38624623,us70004qjm,","sources":",ci,us,","types":",dyfi,focal-mechanism,losspager,moment-tensor,nearby-cities,origin,phase-data,scitech-link,shakemap,","nst":146,"dmin":0.1088,"rms":0.16,"gap":34,"magType":"mw","type":"earthquake","title":"M 4.2 - 16km S of Twentynine Palms, CA"},"geometry":{"type":"Point","coordinates":[-116.045,33.9966667,8.23]},"id":"ci38624623"},
{"type":"Feature","properties":{"mag":3.88,"place":"14km W of Searles Valley, CA","time":1563845778450,"updated":1631727915290,"tz":null,"url":"https://earthquake.usgs.gov/earthquakes/eventpage/ci38627095","detail":"https://earthquake.usgs.gov/fdsnws/event/1/query?eventid=ci38627095&format=geojson","felt":46,"cdi":3.1,"mmi":5.35,"alert":null,"status":"reviewed","tsunami":0,"sig":246,"net":"ci","code":"38627095","ids":",ci38627095,us70004qya,","sources":",ci,us,","types":",dyfi,focal-mechanism,moment-tensor,nearby-cities,origin,phase-data,scitech-link,shakemap,","nst":73,"dmin":0.02624,"rms":0.17,"gap":44,"magType":"mw","type":"earthquake","title":"M 3.9 - 14km W of Searles Valley, CA"},"geometry":{"type":"Point","coordinates":[-117.5565,35.7455,6.07]},"id":"ci38627095"},
{"type":"Feature","properties":{"mag":4.15,"place":"16km S of Searles Valley, CA","time":1563867902530,"updated":1633469423150,"tz":null,"url":"https://earthquake.usgs.gov/earthquakes/eventpage/ci38628799","detail":"https://earthquake.usgs.gov/fdsnws/event/1/query?eventid=ci38628799&format=geojson","felt":82,"cdi":4.1,"mmi":6.11,"alert":"green","status":"reviewed","tsunami":0,"sig":299,"net":"ci","code":"38628799","ids":",ci38628799,us70004r2a,","sources":",ci,us,","types":",dyfi,focal-mechanism,losspager,moment-tensor,nearby-cities,origin,phase-data,scitech-link,shakemap,","nst":101,"dmin":0.04011,"rms":0.16,"gap":25,"magType":"mw","type":"earthquake","title":"M 4.2 - 16km S of Searles Valley, CA"},"geometry":{"type":"Point","coordinates":[-117.4266667,35.625,5.51]},"id":"ci38628799"},
{"type":"Feature","properties":{"mag":3.65,"place":"18km ESE of Little Lake, CA","time":1563925548160,"updated":1633469355820,"tz":null,"url":"https://earthquake.usgs.gov/earthquakes/eventpage/ci38632759","detail":"https://earthquake.usgs.gov/fdsnws/event/1/query?eventid=ci38632759&format=geojson","felt":18,"cdi":3.6,"mmi":6.04,"alert":null,"status":"reviewed","tsunami":0,"sig":211,"net":"ci","code":"38632759","ids":",ci38632759,us60004uez,","sources":",ci,us,","types":",dyfi,focal-mechanism,nearby-cities,origin,phase-data,scitech-link,shakemap,","nst":79,"dmin":0.007446,"rms":0.16,"gap":15,"magType":"mw","type":"earthquake","title":"M 3.7 - 18km ESE of Little Lake, CA"},"geometry":{"type":"Point","coordinates":[-117.7126667,35.8893333,9.09]},"id":"ci38632759"},
{"type":"Feature","properties":{"mag":3.75,"place":"7km ESE of Ridgecrest, CA","time":1563978918550,"updated":1633469549250,"tz":null,"url":"https://earthquake.usgs.gov/earthquakes/eventpage/ci38636511","detail":"https://earthquake.usgs.gov/fdsnws/event/1/query?eventid=ci38636511&format=geojson","felt":149,"cdi":4.3,"mmi":5.17,"alert":null,"status":"reviewed","tsunami":0,"sig":280,"net":"ci","code":"38636511","ids":",ci38636511,us60004ury,","sources":",ci,us,","types":",dyfi,focal-mechanism,moment-tensor,nearby-cities,origin,phase-data,scitech-link,shakemap,","nst":82,"dmin":0.03251,"rms":0.16,"gap":21,"magType":"mw","type":"earthquake","title":"M 3.8 - 7km ESE of Ridgecrest, CA"},"geometry":{"type":"Point","coordinates":[-117.6045,35.607,3.1]},"id":"ci38636511"},
{"type":"Feature","properties":{"mag":4.74,"place":"18km E of Little Lake, CA","time":1564101767770,"updated":1633470427220,"tz":null,"url":"https://earthquake.usgs.gov/earthquakes/eventpage/ci38644943","detail":"https://earthquake.usgs.gov/fdsnws/event/1/query?eventid=ci38644943&format=geojson","felt":123,"cdi":4.3,"mmi":5.94,"alert":"green","status":"reviewed","tsunami":0,"sig":399,"net":"ci","code":"38644943","ids":",ci38644943,us60004vmz,","sources":",ci,us,","types":",dyfi,focal-mechanism,losspager,moment-tensor,nearby-cities,origin,phase-data,scitech-link,shakemap,","nst":79,"dmin":0.05071,"rms":0.16,"gap":23,"magType":"mw","type":"earthquake","title":"M 4.7 - 18km E of Little Lake, CA"},"geometry":{"type":"Point","coordinates":[-117.7066667,35.9258333,3.79]},"id":"ci38644943"},
{"type":"Feature","properties":{"mag":3.52,"place":"19km E of Little Lake, CA","time":1564101934040,"updated":1633470541476,"tz":null,"url":"https://earthquake.usgs.gov/earthquakes/eventpage/ci38644983","detail":"https://earthquake.usgs.gov/fdsnws/event/1/query?eventid=ci38644983&format=geojson","felt":1,"cdi":2.9,"mmi":5.59,"alert":null,"status":"reviewed","tsunami":0,"sig":191,"net":"ci","code":"38644983","ids":",ci38644983,us60004vn2,","sources":",ci,us,","types":",dyfi,nearby-cities,origin,phase-data,scitech-link,shakemap,","nst":63,"dmin":0.03876,"rms":0.17,"gap":27,"magType":"ml","type":"earthquake","title":"M 3.5 - 19km E of Little Lake, CA"},"geometry":{"type":"Point","coordinates":[-117.6955,35.9351667,2.81]},"id":"ci38644983"},
{"type":"Feature","properties":{"mag":3.56,"place":"26km S of Trona, CA","time":1564191337530,"updated":1633470798180,"tz":null,"url":"https://earthquake.usgs.gov/earthquakes/eventpage/ci38652167","detail":"https://earthquake.usgs.gov/fdsnws/event/1/query?eventid=ci38652167&format=geojson","felt":5,"cdi":2.2,"mmi":4.44,"alert":null,"status":"reviewed","tsunami":0,"sig":196,"net":"ci","code":"38652167","ids":",ci38652167,us60004waz,","sources":",ci,us,","types":",dyfi,focal-mechanism,nearby-cities,origin,phase-data,scitech-link,shakemap,","nst":70,"dmin":0.009033,"rms":0.16,"gap":43,"magType":"ml","type":"earthquake","title":"M 3.6 - 26km S of Trona, CA"},"geometry":{"type":"Point","coordinates":[-117.3666667,35.5338333,9.07]},"id":"ci38652167"},
{"type":"Feature","properties":{"mag":3.7,"place":"11km S of Tres Pinos, CA","time":1564220261210,"updated":1570824760040,"tz":null,"url":"https://earthquake.usgs.gov/earthquakes/eventpage/nc73235831","detail":"https://earthquake.usgs.gov/fdsnws/event/1/query?eventid=nc73235831&format=geojson","felt":45,"cdi":3.8,"mmi":5.53,"alert":null,"status":"reviewed","tsunami":0,"sig":228,"net":"nc","code":"73235831","ids":",nc73235831,us60004wfm,","sources":",nc,us,","types":",dyfi,focal-mechanism,moment-tensor,nearby-cities,origin,phase-data,scitech-link,shakemap,","nst":49,"dmin":0.05276,"rms":0.08,"gap":63,"magType":"mw","type":"earthquake","title":"M 3.7 - 11km S of Tres Pinos, CA"},"geometry":{"type":"Point","coordinates":[-121.3231667,36.6938333,4.13]},"id":"nc73235831"},
{"type":"Feature","properties":{"mag":3.91,"place":"16km SSW of Searles Valley, CA","time":1564223454410,"updated":1630621996600,"tz":null,"url":"https://earthquake.usgs.gov/earthquakes/eventpage/ci38653975","detail":"https://earthquake.usgs.gov/fdsnws/event/1/query?eventid=ci38653975&format=geojson","felt":54,"cdi":3.8,"mmi":6.22,"alert":null,"status":"reviewed","tsunami":0,"sig":256,"net":"ci","code":"38653975","ids":",ci38653975,us60004wg7,","sources":",ci,us,","types":",dyfi,focal-mechanism,nearby-cities,origin,phase-data,scitech-link,shakemap,","nst":76,"dmin":0.008974,"rms":0.16,"gap":33,"magType":"mw","type":"earthquake","title":"M 3.9 - 16km SSW of Searles Valley, CA"},"geometry":{"type":"Point","coordinates":[-117.474,35.637,1.9]},"id":"ci38653975"},
{"type":"Feature","properties":{"mag":3.53,"place":"22km WNW of Searles Valley, CA","time":1564442354160,"updated":1633471602260,"tz":null,"url":"https://earthquake.usgs.gov/earthquakes/eventpage/ci38668511","detail":"https://earthquake.usgs.gov/fdsnws/event/1/query?eventid=ci38668511&format=geojson","felt":17,"cdi":2.7,"mmi":4.98,"alert":null,"status":"reviewed","tsunami":0,"sig":196,"net":"ci","code":"38668511","ids":",ci38668511,us60004x78,","sources":",ci,us,","types":",dyfi,focal-mechanism,nearby-cities,origin,phase-data,scitech-link,shakemap,","nst":70,"dmin":0.03102,"rms":0.19,"gap":23,"magType":"ml","type":"earthquake","title":"M 3.5 - 22km WNW of Searles Valley, CA"},"geometry":{"type":"Point","coordinates":[-117.6346667,35.8228333,5.84]},"id":"ci38668511"},
{"type":"Feature","properties":{"mag":3.5,"place":"14km SW of Searles Valley, CA","time":1564504256350,"updated":1633474064840,"tz":null,"url":"https://earthquake.usgs.gov/earthquakes/eventpage/ci38672303","detail":"https://earthquake.usgs.gov/fdsnws/event/1/query?eventid=ci38672303&format=geojson","felt":76,"cdi":3.4,"mmi":5.89,"alert":null,"status":"reviewed","tsunami":0,"sig":214,"net":"ci","code":"38672303","ids":",ci38672303,us60004xh6,","sources":",ci,us,","types":",dyfi,focal-mechanism,nearby-cities,origin,phase-data,scitech-link,shakemap,","nst":73,"dmin":0.03152,"rms":0.15,"gap":22,"magType":"mlr","type":"earthquake","title":"M 3.5 - 14km SW of Searles Valley, CA"},"geometry":{"type":"Point","coordinates":[-117.5063333,35.6666667,10.24]},"id":"ci38672303"}],"bbox":[-121.3231667,32.2998352,-0.13,-115.3243332,36.6938333,16.73]}